mb_release_title,local_folder_path,local_title,local_track_count,match_status,fix_note
10 najpiękniejszych polskich kolęd,Urszula/Album/2002 - 10 najpiekniejszych polskich koled,10 najpiękniejszych polskich kolęd,10,COMPLETE,"Partial fix: move all sibling folders under one common parent folder (e.g. 'Artist/Album/<compilation name>/<volume folder>'), then rebuild that artist (re-match from scratch) so tidy's box pass can discover them as a sibling group. Only fixes it if MusicBrainz has a matching multi-medium edition to bind against - if not, box pass will leave it honestly UNMATCHED instead of wrongly MISSING_TRACKS/EXTRA_TRACKS (still an improvement, not a full fix). See docs/specs/spec_tidy_observations.md."
10 najpiękniejszych polskich kolęd,Urszula/Album/2005 - Urszula kolęduje z Poznańskim Chórem Chłopięcym,Urszula Koleduje Z Poznanskim Chorem Chlopiecym,10,MISSING_TRACKS,
1970-1976,"The Movers/Album/1975 - The Greatest Hits, Vol. 9",Greatest Hits Volume 9,12,MISSING_TRACKS,
1970-1976,The Movers/Album/2005 - Township Jive! - The Hits,Township Jive! - The Hits,11,MISSING_TRACKS,
1979-1986: Minnenas sorl,Hansson De Wolfe United/Album/1984 - Container,Container,8,MISSING_TRACKS,
1979-1986: Minnenas sorl,Hansson De Wolfe United/Album/1985 - Artattack,Artattack,10,MISSING_TRACKS,
1979-1986: Minnenas sorl,Hansson De Wolfe United/Album/1990 - Minnenas Sorl (1979-1986),1979-1986: Minnenas sorl,16,COMPLETE,
1997–2001 at Mushroom,LSD March/Album/2001 - 1997-2001 at Mushroom,1997-2001 at Mushroom,8,COMPLETE,
1997–2001 at Mushroom,LSD March/Album/2004 - 漏刻の炎・凛然・雨・嵐の青春,1997-2001 At Mushroom,4,MISSING_TRACKS,
2:00am in LA,Jake Miller/Album/2017 - 2-00am In LA,2:00am in LA,10,COMPLETE,
2:00am in LA,Jake Miller/EP/2017 - 2.00am in LA (Acoustic),2.00am in LA (Acoustic),5,MISSING_TRACKS,
26 Letters 12 Notes,Dave Mason/Album/2008 - 26 Letters 12 Notes,26 Letters 12 Notes,12,COMPLETE,
26 Letters 12 Notes,Dave Mason/Album/2017 - Pink Lipstick,Pink Lipstick,6,MISSING_TRACKS,
26 Letters 12 Notes,Dave Mason/EP/2017 - Pink Lipstick (EP),Pink Lipstick,6,MISSING_TRACKS,
5=2+3+4x12″,Purwien/Album/2021 - 5​=​2​+​3​+​4x12'' (Purwien & Kowa),"5=2+3+4x12""",20,COMPLETE,
5=2+3+4x12″,Purwien/EP/2021 - Nochmal EP (Purwien & Kowa),Nochmal EP,6,MISSING_TRACKS,
A Arte e a Música de Paulo de Carvalho,Paulo De Carvalho/Album/1980 - Até Me Dava Jeito,Até Me Dava Jeito...,10,MISSING_TRACKS,
A Arte e a Música de Paulo de Carvalho,Paulo De Carvalho/Album/1982 - A Arte E A Música De Paulo De Carvalho,A Arte e a Música de Paulo de Carvalho,23,COMPLETE,
A Arte e a Música de Paulo de Carvalho,Paulo De Carvalho/Album/1987 - Sucessos Populares,Sucessos Populares,10,MISSING_TRACKS,
A Beating Heart Is a Bleeding Heart,Kingsfoil/Album/2012 - A Beating Heart Is a Bleeding Heart,A Beating Heart Is a Bleeding Heart,12,COMPLETE,
A Beating Heart Is a Bleeding Heart,Kingsfoil/EP/2014 - Brave Love EP,Brave Love EP,8,MISSING_TRACKS,
A Breathing Machine,Corroded Master/Album/2014 - A Breathing Machine,A Breathing Machine,14,COMPLETE,
A Breathing Machine,Corroded Master/EP/2014 - New-Age Plague (EP),New-Age Plague,3,MISSING_TRACKS,
Acesa ao vivo em São Luís do Maranhão,Alcione/Live/2009 - Acesa Ao Vivo,Acesa ao vivo em São Luís do Maranhão,12,COMPLETE,
Acesa ao vivo em São Luís do Maranhão,Alcion/Live/2009 - Acesa Ao Vivo em São Luís do Maranhão,Acesa: Ao Vivo em São Luís do Maranhão,12,MISSING_TRACKS,
Afrociberdelia,Chico Science & Nação Zumbi/Album/1995 - Ao Vivo no Montreux Jazz Festival,Montreux Jazz Festival (Ao Vivo),21,MISSING_TRACKS,
Afrociberdelia,Chico Science & Nação Zumbi/Album/1996 - Afrociberdelia,Afrociberdelia,23,COMPLETE,
Afrociberdelia,Nação Zumbi/Album/1995 - Ao Vivo no Montreux Jazz Festival,Montreux Jazz Festival (Ao Vivo),21,MISSING_TRACKS,
Afrociberdelia,Nação Zumbi/Album/1996 - Afrociberdelia,Afrociberdelia,23,COMPLETE,
After Forever,Kasper Bjorke/Album/2014 - After Forever,After Forever,9,COMPLETE,
After Forever,Kasper Bjorke/Remastered/2014 - Sylvia (ft. CTM),Sylvia (feat. CTM),4,MISSING_TRACKS,
After Midnight,Acker Bilk/Album/1990 - After Midnight,After Midnight,16,MISSING_TRACKS,
After Midnight,Acker Bilk/Album/1990 - I'm Not In Love,After Midnight,16,MISSING_TRACKS,
After Midnight,Acker Bilk/Album/2017 - Candle in the Wind,Heartbeats,10,MISSING_TRACKS,
A Hymn Revival: Volume 2,The Lower Lights/Album/2012 - A Hymn Revival- Vol. 2,A Hymn Revival: Volume 2,16,COMPLETE,
A Hymn Revival: Volume 2,The Lower Lights/EP/2011 - Live (EP),Live,2,MISSING_TRACKS,
"A Little Frayed, A Little Torn","Big Little Lions/Album/2015 - A Little Frayed, A Little Torn","A Little Frayed, A Little Torn",12,COMPLETE,
"A Little Frayed, A Little Torn",Big Little Lions/EP/2014 - The Time Is Now (EP),The Time Is Now,3,MISSING_TRACKS,
Al Jolson Live - Prime Time Radio Performances,Al Jolson/Album/2000 - Oh! You Beautiful Doll,Oh! You Beautiful Doll,14,MISSING_TRACKS,
Al Jolson Live - Prime Time Radio Performances,Al Jolson/Album/2017 - Al Jolson - Live from Kraft Music Hall,Al Jolson - Live from Kraft Music Hall,14,MISSING_TRACKS,
Allan And Allen,Harry Allen/Album/2001 - Allan Vaché & Harry Allen - Allan And Allen,Allan And Allen,13,COMPLETE,
Allan And Allen,Harry Allen/Album/2013 - Love Songs Only!,Love Songs Only!,13,MISSING_TRACKS,
All Happening Now (disc three),Adam Franklin/Album/2014 - All Happening Now (CD3),All Happening Now (disc three),12,COMPLETE,
All Happening Now (disc three),Adam Franklin/Live/2005 - KEXP Session (NYC),KEXP,7,MISSING_TRACKS,
All Happening Now (disc two),Adam Franklin/Album/2014 - All Happening Now (CD2),All Happening Now (disc two),12,COMPLETE,
All Happening Now (disc two),Adam Franklin/Live/2001 - New York CD1,2001 New York Disc 1,12,MISSING_TRACKS,
All the Great Love Songs,Diana Ross/Compilation/1984 - All the Great Love Songs,All the Great Love Songs,16,COMPLETE,
All the Great Love Songs,Diana Ross/Compilation/1987 - Love Songs,Love Songs,16,MISSING_TRACKS,
Al natural,Robi Draco Rosa/Live/2005 - Al natural,Al natural,16,COMPLETE,
Al natural,Robi Draco Rosa/Live/2009 - 731 Ensayos al natural,Al Natural,11,MISSING_TRACKS,
American Axe—Live in 1974,Roy Buchanan/Live/1977 - Live In Washington,Live In Washington,9,MISSING_TRACKS,
American Axe—Live in 1974,Roy Buchanan/Live/2003 - American Axe - Live In 1974,American Axe-Live in 1974,11,COMPLETE,
American Hearts,A.A. Bondy/Album/2007 - American Hearts,American Hearts,12,COMPLETE,
American Hearts,A.A. Bondy/Album/2007 - Red Barn Demos,Red Barn Demos,11,MISSING_TRACKS,
American Hearts,A.A. Bondy/EP/2007 - Hand-Made (EP),Hand-Made EP,7,MISSING_TRACKS,
A Mirror Dimly,Citizens/Album/2016 - A Mirror Dimly,A Mirror Dimly,9,COMPLETE,
A Mirror Dimly,Citizens/EP/2017 - In Part (EP),Already Not Yet / In Part,5,MISSING_TRACKS,
A Mirror Dimly,Citizens/Live/2021 - Live in Sydney,Live in Sydney,11,EXTRA_TRACKS,
Animals,Pink Floyd/Compilation/1992 - Shine On [CXK 53180]/CD 5 - Animals,Shine On,5,MISSING_TRACKS,
Animals,"Pink Floyd/Remastered/1977 - Animals [2001, TOCP-65741]",Animals,5,COMPLETE,
Antifragility,Handwrist/Album/2015 - Antifragility,Antifragility,15,COMPLETE,
Antifragility,Handwrist/Album/2022 - Nine Steps,Nine Steps,9,MISSING_TRACKS,
Any Man’s Hunger,The Rembrandts/Album/1988 - Any Man's Hunger (Danny Wilde),Any Man's Hunger,11,COMPLETE,
Any Man’s Hunger,The Rembrandts/Album/1988 - Live At Club Lingerie (Danny Wilde),Live At Club Lingerie,7,MISSING_TRACKS,
A Perfect Day / Sadness / City of Dawn,A Perfect Day/Album/2015 - A Long Wait - A Quiet Forthcoming,"A Long Wait, A Quiet Forthcoming",9,MISSING_TRACKS,
A Perfect Day / Sadness / City of Dawn,A Perfect Day/Compilation/2015 - Diamond Hearts (compilation),Diamond Hearts,16,EXTRA_TRACKS,
A Perfect Day / Sadness / City of Dawn,A Perfect Day/Compilation/2015 - Insecurity Created The Filter (compilation),Insecurity Created the Filter,12,EXTRA_TRACKS,
Aperture,Haberdashery/Album/2020 - Aperture,Aperture,10,COMPLETE,
Aperture,Haberdashery/Album/2021 - You're Not the Only One,You're Not The Only One,6,MISSING_TRACKS,
Apothecary of Bluesical Curiosities,Half Deaf Clatch/Album/2016 - Apothecary Of Bluesical Curiosities,Apothecary of Bluesical Curiosities,12,COMPLETE,
Apothecary of Bluesical Curiosities,Half Deaf Clatch/EP/2020 - Songs From The Clatch Cave Vol. 1 (EP),"Songs From The Clatch Cave, Volumes 1 & 2",5,MISSING_TRACKS,
April,Hope and Social/Album/2010 - April,April,10,COMPLETE,
April,Hope and Social/EP/2013 - Cleaning Out The Cupboards (EP),Cleaning Out The Cupboards,5,MISSING_TRACKS,
Are Neighbours Electric?,Virtual Voices/Album/2010 - Återblick Ögonblick,Återblick Ögonblick,14,MISSING_TRACKS,
Are Neighbours Electric?,Virtual Voices/Album/2011 - Fest I Byn,Fest I Byn,13,MISSING_TRACKS,
As the Valley of Death Becomes Us Our Silver Memories Fade,A Storm Of Light/Album/2011 - As The Valley Of Death Becomes Us Our Silver Memories Fade,As the Valley of Death Becomes Us Our Silver Memories Fade,9,COMPLETE,
As the Valley of Death Becomes Us Our Silver Memories Fade,A Storm Of Light/EP/2012 - Violitionist Sessions (EP),Violitionist Sessions,3,MISSING_TRACKS,
At Cranbrook and Elsewhere,Yusef Lateef/Album/1958 - Lateef at Cranbrook [LP],At Cranbrook And Elsewhere,4,MISSING_TRACKS,
At Cranbrook and Elsewhere,Yusef Lateef/Compilation/2009 - At Cranbrook and Elsewhere,At Cranbrook and Elsewhere,11,COMPLETE,
A Ticket to the Moon,Everlyn/Album/2013 - A Ticket to the Moon,A Ticket to the Moon,10,MISSING_TRACKS,
A Ticket to the Moon,Everlyn/EP/2013 - Anything but Easy (EP),Anything but Easy,5,MISSING_TRACKS,
At the Jazz Band Ball: 1962,Chris Barber/Album/2008 - Tell 'Em About Me,At the Jazz Band Ball: 1962,20,MISSING_TRACKS,
At the Jazz Band Ball: 1962,Chris Barber/Album/2012 - London Jazz,London Jazz,22,COMPLETE,
At the Jazz Band Ball: 1962,Chris Barber/Album/2014 - Acker Bilk and His Jazz Friends,Acker Bilk and His Jazz Friends,22,COMPLETE,
At the Jazz Band Ball: 1962,"Chris Barber/Album/2019 - Chris, Kenny & Mr. Acker","Chris, Kenny & Mr. Acker",22,MISSING_TRACKS,
Audiotree Live,Palehound/Live/2015 - Daytrotter Session,Daytrotter Studio  8/21/2015,5,MISSING_TRACKS,
Audiotree Live,Palehound/Live/2015 - Palehound on Audiotree Live,Palehound - Audiotree Live,6,COMPLETE,
Automation - Vince Clarke Re-Mix,Tiny Magnetic Pets/Album/2022 - Re-Mix - Re-Model,Re-Mix / Re-Model,11,EXTRA_TRACKS,
Automation - Vince Clarke Re-Mix,Tiny Magnetic Pets/EP/2021 - Automation EP,Automation - Vince Clarke Re-Mix,4,MISSING_TRACKS,
Awa Blues,Grant Haua/Album/2021 - Awa Blues,Awa Blues,12,COMPLETE,
Awa Blues,Grant Haua/Album/2022 - Tahanga,Tahanga,11,MISSING_TRACKS,
Axis of Evil,Suicide Commando/Album/2003 - Axis Of Evil,Axis of Evil,10,COMPLETE,
Axis of Evil,Suicide Commando/Album/2003 - Axis Of Evil/CD 2 - DVD Audio,Axis of Evil,5,MISSING_TRACKS,
Axis of Evil,Suicide Commando/Compilation/2016 - Compendium X30 - Dependent 1999-2007/CD 4 - Axis Of Evil,Compendium X30: Dependent 1999-2007,10,COMPLETE,
Back From Flight 19,Arjen Anthony Lucassen/Album/1997 - Back From Flight 19 (remastered),Back From Flight 19,11,COMPLETE,
Back From Flight 19,Arjen Anthony Lucassen/EP/1997 - Planet Zilch (remastered),The Ultimate Vengeance,4,MISSING_TRACKS,
Back to the Blues Vol.3,Van Galen Band/Album/2017 - Back To The Blues Vol. 3,Back to the Blues Vol.3,9,COMPLETE,
Back to the Blues Vol.3,Van Galen Band/Album/2021 - Armageddon,Armageddon,9,MISSING_TRACKS,
Back To The Delta,Jimmy Burns/Album/2003 - Back To The Delta,Back To The Delta,16,COMPLETE,
Back To The Delta,Jimmy Burns/Album/2007 - Live at B.L.U.E.S,Live At B.L.U.E.S,12,MISSING_TRACKS,
Back To The Delta,Jimmy Burns/Album/2007 - Live at B.L.U.E.S. (Reissue),Live At B.L.U.E.S,14,MISSING_TRACKS,
Barbapoux,Dragibus/Album/1996 - Barbapoux,Barbapoux,48,COMPLETE,
Barbapoux,Dragibus/Album/1997 - O Drãgao Mãgico,Barbapoux,9,MISSING_TRACKS,
Barbapoux,Dragibus/Album/2000 - Live In Japan + Little Sounds,Live In Japan + Little Sounds,20,MISSING_TRACKS,
Bastards,Jason Bieler And The Baron Von Bielski Orchestra/Album/2013 - The Baron Von Bielski Sessions,The Baron Von Bielski Sessions,11,MISSING_TRACKS,
Bastards,Jason Bieler And The Baron Von Bielski Orchestra/Album/2014 - Baron Von Bielski Sessions Part Deux,Baron Von Bielski Sessions Part Deux,11,MISSING_TRACKS,
Bastards,Saigon Kick/Album/1999 - Bastards,Bastards,11,COMPLETE,
BATS,Cub Sport/Album/2017 - BATS,BATS,16,COMPLETE,
BATS,"Cub Sport/EP/2020 - triple j Live At The Wireless - The Corner Hotel, Melbourne 2018","triple j Live At The Wireless - The Corner Hotel, Melbourne 2018",12,MISSING_TRACKS,
Beach Party,Chubby Checker/Album/2009 - The Texas Twist With Texas Radio,The Texas Twist,12,MISSING_TRACKS,
Beach Party,Chubby Checker/Album/2023 - Beach Party [High Definition Remaster],Beach Party,12,COMPLETE,
Been There Done That,Linsey Alexander/Album/2012 - Been There Done That,Been There Done That,12,COMPLETE,
Been There Done That,Linsey Alexander/Album/2020 - Live at Rosa's,Live At Rosa's,9,MISSING_TRACKS,
"Best Cuts, Volume I",Shayne Malone/Album/2017 - One,One,11,MISSING_TRACKS,
"Best Cuts, Volume I",Shayne Malone/Album/2018 - Rocket,Rocket,13,MISSING_TRACKS,
"Best Cuts, Volume I",Shayne Malone/Album/2019 - Shayne Malone,Shayne Malone,11,MISSING_TRACKS,
"Best Cuts, Volume I",Shayne Malone/Album/2020 - The Crossroad,The Crossroad,12,MISSING_TRACKS,
"Best Cuts, Volume I",Shayne Malone/Album/2022 - Volume I,"Best Cuts, Volume I",13,COMPLETE,
Best of 2006-2016,The Veer Union/Compilation/2017 - Best of 2006-2016,Best of 2006-2016,20,COMPLETE,
Best of 2006-2016,The Veer Union/Remastered/2019 - Against the Grain (10 Year Anniversary Edition),Against The Grain - 10 Year Anniversary Edition,16,MISSING_TRACKS,
Best of Urszula & Budka Suflera,Urszula/Album/1988 - Czwarty Raz,Czwarty Raz,10,MISSING_TRACKS,
Best of Urszula & Budka Suflera,Urszula/Album/1988 - The Best Of Urszula & Budka Suflera,Best of Urszula & Budka Suflera,15,MISSING_TRACKS,
Best of Urszula & Budka Suflera,Urszula/Album/1992 - Urszula & Jumbo,Urszula & Jumbo,13,MISSING_TRACKS,
Bird Streets,Bird Streets/Album/2018 - Bird Streets,Bird Streets,11,COMPLETE,
Bird Streets,Bird Streets/EP/2018 - First Flight (EP),First Flight,6,MISSING_TRACKS,
Black Ribbons,Shooter Jennings/Album/2010 - Black Ribbons (& Hierophant),Black Ribbons,20,MISSING_TRACKS,
Black Ribbons,Shooter Jennings/Album/2010 - Missed The Boat. A Collection - of Demos and Rarities (160-320),Missed The Boat: A Collection of Demos and Rarities,15,MISSING_TRACKS,
Blame It on the Bossa Nova,Eydie Gorme/Album/1963 - Blame It on the Bossa Nova,Blame It on the Bossa Nova,14,COMPLETE,
Blame It on the Bossa Nova,Eydie Gorme & Steve Lawrence/Album/1967 - Bonfa & Brazil,Bonfá & Brazil,12,MISSING_TRACKS,
Blood of Angels,Spillage/Album/2019 - Blood Of Angels,Blood of Angels,8,MISSING_TRACKS,
Blood of Angels,Spillage/Live/2023 - Live,Live!,9,MISSING_TRACKS,
Blue Collar Revolver,Lansdowne/Album/2011 - Blue Collar Revolver,Blue Collar Revolver,10,COMPLETE,
Blue Collar Revolver,Lansdowne/EP/2010 - A Day In The Life (EP),Blue Collar Revolver,5,MISSING_TRACKS,
Blue Collar Revolver,Lansdowne/EP/2012 - Blue Collar Raw (EP),No Home But The Road,3,MISSING_TRACKS,
Blues and the Soulful Truth,Leon Thomas/Album/1978 - Blues And The Soulful Truth,Blues and the Soulful Truth,8,COMPLETE,
Blues and the Soulful Truth,Leon Thomas/Album/1987 - Precious Energy (with Gary Bartz),Precious Energy,7,MISSING_TRACKS,
Blush,Secret Attraction/Album/2019 - Blush,Blush,13,EXTRA_TRACKS,
Blush,Secret Attraction/EP/2018 - PROMISES (EP),PROMISES (EP),6,MISSING_TRACKS,
Boleros,Tete Montoliu/Album/1973 - Interpreta Boleros Clasicos,Piano interpreta boleros clasicos,5,MISSING_TRACKS,
Boleros,Tete Montoliu/Album/1975 - Boleros,Boleros,10,COMPLETE,
Bolts of Melody,Adam Franklin/Album/2007 - Bolts Of Melody,Bolts of Melody,14,EXTRA_TRACKS,
Bolts of Melody,Adam Franklin/Album/2011 - A Soundworld Of Rain,Bolts Of Melody,11,MISSING_TRACKS,
Bonanza! 1960-1969,Al Caiola/Album/1969 - Let The Sunshine In,Let The Sunshine In,12,MISSING_TRACKS,
Bonanza! 1960-1969,Al Caiola/Album/2002 - Bonanza! 1960-1969,Bonanza! 1960-1969,33,COMPLETE,
Box of Secrets,Blood Red Shoes/Album/2008 - Box Of Secrets,Box of Secrets,12,COMPLETE,
Box of Secrets,Blood Red Shoes/Live/2009 - Live At Garden NEF Party,Fire Like This,9,MISSING_TRACKS,
Boy Krazy,Boy Krazy/Album/1993 - Boy Krazy,Boy Krazy,10,COMPLETE,
Boy Krazy,Boy Krazy/EP/1991 - That's What Love Can Do,That's What Love Can Do,10,MISSING_TRACKS,
Boy Krazy,Boy Krazy/EP/1993 - Exception to the Rule,Boy Krazy,10,MISSING_TRACKS,
Boy Krazy,Boy Krazy/EP/2009 - Good Times With Bad Boys,Good Times With Bad Boys,10,MISSING_TRACKS,
Broken Remixes,Larva/EP/2012 - Broken Remixes EP,Broken Remixes,14,COMPLETE,
Broken Remixes,Larva/EP/2012 - Echoes Of Trapped Voices EP,Echoes Of Trapped Voices,2,MISSING_TRACKS,
Broken Silence,Killer/Album/2003 - Broken Silence,Broken Silence,12,COMPLETE,
Broken Silence,"Killer/Compilation/2019 - Vol. 2 - Only the Strong Survive, 1988-2015 (Boxed Set) [4 CD]/CD 1 - Broken Silence (2003)","Vol. 2: Only the Strong Survive, 1988-2015",12,MISSING_TRACKS,
Brubeck & Rushing,Dave Brubeck/Album/1960 - The Dave Brubeck Quartet - Brubeck & Rushing,Brubeck & Rushing,11,COMPLETE,
Brubeck & Rushing,Jimmy Rushing/Album/1940 - Count Basie Featuring Jimmy Rushing,"""The Classic Count""",4,MISSING_TRACKS,
Brubeck & Rushing,Jimmy Rushing/Album/1960 - Brubeck & Rushing,Brubeck & Rushing,11,COMPLETE,
Burning In The Rain: An Anthology,Poobah/Album/2018 - Blue,Blue,15,MISSING_TRACKS,
Burning In The Rain: An Anthology,Poobah/Album/2024 - Burning In The Rain-An Anthology,Burning In The Rain: An Anthology,17,COMPLETE,
Cancer,Illusion of Safety/Album/1992 - Cancer,Cancer,28,COMPLETE,
Cancer,Illusion of Safety/Live/1987 - Live Sound Of IOS Post Effects,Live Sound Of IOS Post Effects,13,MISSING_TRACKS,
Canções escolhidas 71/97,José Mário Branco/Album/2012 - Canções Escolhidas 71_97,Canções escolhidas 71/97,16,COMPLETE,
Canções escolhidas 71/97,José Mário Branco/Album/2018 - Canções Escolhidas,Canções Escolhidas,16,MISSING_TRACKS,
Cannibal Rock,Jazztronik/Album/2005 - Cannibal Rock,Cannibal Rock,12,MISSING_TRACKS,
Cannibal Rock,Jazztronik/EP/2006 - Cannibal Rock EP,Cannibal Rock EP,4,MISSING_TRACKS,
Catcher in the Rye,Datarock/Album/2010 - Lost & Found,Catcher In The Rye,15,EXTRA_TRACKS,
Catcher in the Rye,Datarock/Album/2010 - Music For Synchronization,Catcher In The Rye,15,EXTRA_TRACKS,
Catcher in the Rye,Datarock/EP/2010 - Catcher in the Rye,Catcher in the Rye,4,MISSING_TRACKS,
Cedars,Clearlake/Album/2003 - Cedars [US Bonus Track],Cedars,12,COMPLETE,
Cedars,Clearlake/Live/2003 - kexp live in New York,"KEXP Live From NYC, 10-22-03",5,MISSING_TRACKS,
Cemetery Gates B SIDES BEST,Art-School/Compilation/2017 - B Sides Best 'Cemetery Gates',Cemetery Gates B SIDES BEST,18,COMPLETE,
Cemetery Gates B SIDES BEST,Art-School/EP/2007 - Hidari Kiki No Kiki,左ききのキキ,6,MISSING_TRACKS,
Charge,David Ford/Album/2013 - Charge,Ford: Charge,10,COMPLETE,
Charge,David Ford/EP/2013 - Ford's Piano Bar,Charge,6,MISSING_TRACKS,
Chat Chat,"L⇔R/Album/1993 - Land of Riches (Remastered, 2017)","Land of Riches (Remastered, 2017)",12,MISSING_TRACKS,
Chat Chat,L⇔R/Compilation/1994 - Singles & More,Singles & More,14,EXTRA_TRACKS,
Cheyenne,Conner Youngblood/Album/2018 - Cheyenne [Japan Edition],Cheyenne,14,COMPLETE,
Cheyenne,Conner Youngblood/EP/2019 - A Few Extra Tracks From Cheyenne (EP),Cheyenne,3,MISSING_TRACKS,
Cheyenne,Conner Youngblood/EP/2024 - Pizza Body (EP),Pizza Body,4,MISSING_TRACKS,
Children of Desire,Merchandise/Album/2012 - Children of Desire,Children of Desire,6,COMPLETE,
Children of Desire,Merchandise/Album/2013 - The BBC Sessions,The BBC Sessions,4,MISSING_TRACKS,
Chronologic Discography 95-2002,Wojczech/Album/1995 - Split with Dios Hastio,Split With Dios Hastio,26,MISSING_TRACKS,
Chronologic Discography 95-2002,Wojczech/Album/1997 - Split with Sarcasm,Chronologic Discography 95-2002,9,MISSING_TRACKS,
Chronologic Discography 95-2002,Wojczech/Album/1998 - Split with Distorsion Desequilibrada,Split With Distorsion Desequilibrada,17,MISSING_TRACKS,
Chronologic Discography 95-2002,"Wojczech/Album/1999 - Nem Explorados, Nem Exploradores & L'autopsia Social [Split with Abuso Sonoro]",Chronologic Discography 95-2002,19,MISSING_TRACKS,
Chronologic Discography 95-2002,Wojczech/Album/2002 - Chronologic Discography 95-2002 [comp],Chronologic Discography 95-2002,27,MISSING_TRACKS,
Chronologic Discography 95-2002,Wojczech/EP/1996 - Toad Lee - Wojczech [Split EP with Groinchurn],Chronologic Discography 95-2002,8,MISSING_TRACKS,
Chronologic Discography 95-2002,Wojczech/EP/2000 - Das Gesunde Kind in der Sonne - Warten auf Tugend [Split EP with Cut Your Hair],Chronologic Discography 95-2002,5,MISSING_TRACKS,
Church of the Real,I Got You on Tape/Album/2012 - Church of the Real (Deluxe Version),Church of the Real,16,EXTRA_TRACKS,
Church of the Real,I Got You on Tape/Live/2012 - Jelling Musikfestival 2012,Jelling Musikfestival 2012,12,MISSING_TRACKS,
City,Stuart McCallum/Album/2015 - City,City,8,COMPLETE,
City,Stuart McCallum/EP/2017 - City Live,City Live,5,MISSING_TRACKS,
City of Gold,Wonderboom/Album/2006 - City of Gold,City of Gold,12,COMPLETE,
City of Gold,Wonderboom/Album/2024 - Hard Mode,Hard Mode,11,MISSING_TRACKS,
Classic Rock,John Haydock/Album/2022 - Best Of My Album-Oriented Rock,Classic Rock,12,EXTRA_TRACKS,
Classic Rock,John Haydock/Album/2022 - Child Of Infinity,Classic Rock,9,MISSING_TRACKS,
Classic Rock,John Haydock/Album/2022 - Pop!,Pop!,12,EXTRA_TRACKS,
Classic Rock,John Haydock/Album/2023 - Classic Rock,Classic Rock,10,COMPLETE,
Clouds in the Sky - Flamenco Nuevo,Tierra Negra/Album/2002 - Clouds in The Sky,Clouds in the Sky - Flamenco Nuevo,18,COMPLETE,
Clouds in the Sky - Flamenco Nuevo,Tierra Negra/Album/2010 - Classic - Flamenco Nuevo & Strings,The Elements,11,MISSING_TRACKS,
Cocktail Pop,Akanoid/Album/2007 - Cocktail Pop,Cocktail Pop,22,COMPLETE,
Cocktail Pop,Akanoid/EP/2013 - You Never,You Never,6,MISSING_TRACKS,
Collide,Tom Speight/Album/2019 - Collide,Collide,13,COMPLETE,
Collide,Tom Speight/Album/2019 - Collide (Acoustic),Collide,13,COMPLETE,
Collide,Tom Speight/EP/2016 - Little Love,Little Love,4,MISSING_TRACKS,
Collide,Tom Speight/EP/2017 - Willow Tree,Willow Tree,4,MISSING_TRACKS,
Collide,Tom Speight/EP/2018 - Live at Studio 3,Live at Studio 3,4,MISSING_TRACKS,
Common Thread,The Oak Ridge Boys/Album/1973 - Hymns,Hymns,10,MISSING_TRACKS,
Common Thread,The Oak Ridge Boys/Album/2005 - Common Thread,Common Thread,12,COMPLETE,
Complete Grindcore Annihilation,Pretty Little Flower/Album/2000 - Negative Step & Pretty Little Flower,Pretty Little Flower / Negative Step,10,MISSING_TRACKS,
Complete Grindcore Annihilation,Pretty Little Flower/Album/2003 - Bizarre X & Pretty Little Flower,Complete Grindcore Annihilation,22,MISSING_TRACKS,
Complete Grindcore Annihilation,Pretty Little Flower/Album/2005 - Unholy Grave & Pretty Little Flower,Complete Grindcore Annihilation,9,MISSING_TRACKS,
Complete Grindcore Annihilation,Pretty Little Flower/Album/2006 - Pretty Little Flower & Disturbance Project,Mediocridad Extrema,7,MISSING_TRACKS,
Complete Grindcore Annihilation,Pretty Little Flower/Album/2006 - Pretty Little Flower & MassGrave,Complete Grindcore Annihilation,11,MISSING_TRACKS,
Complete Grindcore Annihilation,Pretty Little Flower/Album/2007 - Uzi Suicide & Pretty Little Flower,Ultimate Taint Fight Championship / Punishing Ferocity ExPx,15,MISSING_TRACKS,
Complete Grindcore Annihilation,Pretty Little Flower/Compilation/2006 - Complete Grindcore Annihilation (Compilation),Complete Grindcore Annihilation,50,COMPLETE,
Complete Grindcore Annihilation,Pretty Little Flower/EP/2002 - Swarming Industrial Cancer (EP),Complete Grindcore Annihilation,11,MISSING_TRACKS,
Con gli occhi chiusi…,Franco Simone/Album/1972 - Se di mezzo c'è l'amore,Se Di Mezzo C'è L'Amore,12,MISSING_TRACKS,
Con gli occhi chiusi…,Franco Simone/Album/1976 - Il poeta con la chitarra,Con gli occhi chiusi…,10,MISSING_TRACKS,
Con gli occhi chiusi…,Franco Simone/Compilation/2002 - I grandi successi originali 2CD,I Grandi Successi Originali,24,EXTRA_TRACKS,
Core: Best of Anthem 2000-2007,Anthem/Compilation/2007 - Core - Best of Anthem 2000-2007 [Limited Edition] [CD+DVD]/Bonus DVD,Core: Best Of Anthem 2000-2007,4,MISSING_TRACKS,
Core: Best of Anthem 2000-2007,Anthem/Compilation/2007 - Core - Best of Anthem 2000-2007 [Limited Edition] [CD+DVD]/CD,Core: Best of Anthem 2000-2007,17,COMPLETE,
Cosmic Interception,Von LMO/Album/1994 - Cosmic Interception,Cosmic Interception,10,COMPLETE,
Cosmic Interception,Von LMO/Compilation/1999 - Advance Yourself,Cosmic Interception,10,COMPLETE,
Cosmic Interception,Von LMO/Compilation/2018 - Songs From Galaxy Zero,Songs From Galaxy Zero,13,EXTRA_TRACKS,
Cosmic Interception,Von LMO/Live/2018 - 1980 Is Here,1980 Is Here,10,MISSING_TRACKS,
Cosmic Interception,Von LMO/Live/2018 - Live Max's 1979,Live Max's 1979,15,EXTRA_TRACKS,
Cowboy Under the Western Sky,"Rex Allen/Album/2008 - Classic Westerns. The Victor Young Years, Vol. I",Cowboy Under the Western Sky,12,COMPLETE,
Cowboy Under the Western Sky,Rex Allen/Album/2008 - Cowboy Essentials,Cowboy Under The Western Sky,26,EXTRA_TRACKS,
Cowboy Under the Western Sky,Rex Allen/Album/2020 - Best Collection Rex Allen,Cowboy Under the Western Sky,12,MISSING_TRACKS,
Cries From Hell,Heavy Water Factory/Album/1997 - Cries From Hell/1997 - Cries From Hell,Cries From Hell,13,COMPLETE,
Cries From Hell,Heavy Water Factory/Album/1997 - Cries From Hell/2024 - Cries From Hell Remaster,Cries From Hell,15,EXTRA_TRACKS,
Cries From Hell,Heavy Water Factory/EP/2024 - Delusions (Remix EP),Delusions (Remix EP),3,MISSING_TRACKS,
Crunk For Jesus,J-Shin/Album/2020 - Crunk for Jesus,Crunk For Jesus,12,COMPLETE,
Crunk For Jesus,J-Shin/Album/2020 - Eleven 0 Seven,Eleven 0 Seven,12,MISSING_TRACKS,
Crushing Fury of Bastardization,Mesrine/Album/2008 - Mesrine & Pretty Little Flower,Mesrine / P.L.F,8,MISSING_TRACKS,
Crushing Fury of Bastardization,Pretty Little Flower/Album/2008 - Crushing Fury of Bastardization,Crushing Fury of Bastardization,24,COMPLETE,
Crushing Fury of Bastardization,Pretty Little Flower/Album/2008 - Mesrine & Pretty Little Flower,Mesrine / P.L.F,8,MISSING_TRACKS,
Danado de bom,Luiz Gonzaga/Album/1984 - Danado de Bom,Danado de bom,12,MISSING_TRACKS,
Danado de bom,Luiz Gonzaga/Album/2003 - Danado De Bom,Danado De Bom,10,MISSING_TRACKS,
Dance to the Potshot Record,"Potshot/Album/2002 - Dance to the POTSHOT record (AM-115, 2004)",Dance to the Potshot Record,16,COMPLETE,
Dance to the Potshot Record,Potshot/Album/2002 - Dance to the POTSHOT record (TV-065)/Bonus Disc,Dance to the POTSHOT record (TV-065),3,MISSING_TRACKS,
Day by Day,Skinny Living/Album/2024 - Day by Day,Day by Day,13,COMPLETE,
Day by Day,Skinny Living/EP/2017 - 6,6,4,MISSING_TRACKS,
Dead Wonderland,iLL/Album/2007 - Dead Wonderland,Dead Wonderland,12,COMPLETE,
Dead Wonderland,iLL/EP/2007 - Call My Name,Call My Name,3,MISSING_TRACKS,
Decalogue of Modern Life,The Afterglow/Album/2006 - Decalogue Of Modern Life,Decalogue of Modern Life,10,COMPLETE,
Decalogue of Modern Life,The Afterglow/Album/2018 - Things I've Lost (2004-2017 The Greatest Hints),Things I've Lost (2004-2017 The Greatest Hints),30,EXTRA_TRACKS,
Decalogue of Modern Life,The Afterglow/EP/2005 - Love's The Cure,Decalogue of Modern Life,4,MISSING_TRACKS,
Decídete,Luis Miguel/Album/1983 - Decide Amor,Decide Amor,10,MISSING_TRACKS,
Decídete,Luis Miguel/Album/1983 - ¡Decídete!,Decídete,10,COMPLETE,
Desolation Boulevard,Sweet/Remastered/1974 - Desolation Boulevard (Rem. 2005),Desolation Boulevard,18,MISSING_TRACKS,
Desolation Boulevard,"Sweet/Remastered/2022 - Reincarnation 2 (Rem., digital)",Reincarnation 2,7,MISSING_TRACKS,
Devilish Deeds,Killus/Album/2020 - Devilish Deeds,Devilish Deeds,14,COMPLETE,
Devilish Deeds,Killus/Album/2021 - Live In a Ghost World (Live),Live In a Ghost World (Live),11,MISSING_TRACKS,
Devoid,Mutilation Rites/EP/2011 - Batillus - Mutilation Rites (split with Batillus),Concrete Sustain,2,MISSING_TRACKS,
Devoid,Mutilation Rites/EP/2012 - Devoid (EP),Devoid,4,COMPLETE,
Devoted,Walker Lukens/Album/2013 - Devoted,Devoted,11,COMPLETE,
Devoted,Walker Lukens/EP/2012 - Year of the Dog EP,Year of the Dog EP,5,MISSING_TRACKS,
Different Places,Plastic Operator/Album/2007 - Different Places,Different Places,11,COMPLETE,
Different Places,Plastic Operator/EP/2007 - Why Don't You_,Why Don't You?,3,MISSING_TRACKS,
Dig In!,Huevos Rancheros/Album/1995 - 64 Slices Of American Cheese,64 Slices Of American Cheese,2,MISSING_TRACKS,
Dig In!,Huevos Rancheros/Album/1995 - Dig In,Dig In!,13,COMPLETE,
Dig In!,Huevos Rancheros/Album/1996 - The Vice Barons - Split,Dig In!,4,MISSING_TRACKS,
Disconnected (Special Edition),Project Vela/Album/2018 - Disconnected (Special Edition),Disconnected,15,COMPLETE,
Disconnected (Special Edition),Project Vela/EP/2022 - Left with Pieces,Elsewhere,6,MISSING_TRACKS,
Dot,Karmakanic/Album/2016 - Dot,Dot,6,COMPLETE,
Dot,Karmakanic/Live/2006 - Live at Rosfest 2006,Live at Rosfest 2006 CD1,6,MISSING_TRACKS,
Dot,Karmakanic/Live/2010 - Summer's End Festival,Summer's End Festival,4,MISSING_TRACKS,
Down to Earth,Gentlemans Dub Club/Album/2021 - Down to Earth,Down to Earth,10,COMPLETE,
Down to Earth,Gentlemans Dub Club/Album/2021 - Down to Earth (Remixes),Down To Earth,2,MISSING_TRACKS,
Drive,Haberdashery/Album/2025 - Drive,Drive,10,COMPLETE,
Drive,Haberdashery/Album/2026 - One Taste,One Taste,5,MISSING_TRACKS,
Eden,Mary Ocher/Album/2013 - Baby Indiana,Baby Indiana,3,MISSING_TRACKS,
Eden,Mary Ocher/Album/2013 - Eden,Eden,14,COMPLETE,
Eden,Mary Ocher/Album/2013 - The Android Sea,The Android Sea,2,MISSING_TRACKS,
Effigy of the Forgotten,Suffocation/Album/1993 - Beginning Of Sorrow,Effigy of the Forgotten,10,EXTRA_TRACKS,
Effigy of the Forgotten,Suffocation/Album/2003 - Baltimore Death Fest,Pierced From Within,9,MISSING_TRACKS,
Eins,Purwien/Album/2007 - Eins,Eins,20,COMPLETE,
Eins,Purwien/Album/2007 - So Kalt,So Kalt,5,MISSING_TRACKS,
Electrique Fabrique 12 Inch Mixes,KRAFTman/Album/2021 - Florian,Florian (EP),6,MISSING_TRACKS,
Electrique Fabrique 12 Inch Mixes,KRAFTman/Album/2023 - Electrique Fabrique 12 Inch Mixes (Limited Edition),Electrique Fabrique 12 Inch Mixes,11,COMPLETE,
E-Lusive,Column One/Album/1996 - Odyssee,Odyssee,4,MISSING_TRACKS,
E-Lusive,Column One/Album/1997 - E-Lusive,E-Lusive,9,COMPLETE,
Encore!,Jill Barber/Album/2024 - Encore!,Encore!,11,COMPLETE,
Encore!,Jill Barber/EP/2024 - Beyond the Sea (EP),Beyond the Sea,2,MISSING_TRACKS,
Enemies Like This,Radio 4/Album/2006 - Enemies Like This,Enemies Like This,10,COMPLETE,
Enemies Like This,Radio 4/EP/2007 - As Far As The Eye Can See,As Far As The Eye Can See,3,MISSING_TRACKS,
Energia,Santos & Pecadores/Album/2010 - Energia,Energia,12,EXTRA_TRACKS,
Energia,Santos & Pecadores/Album/2011 - Leva-me A Dançar (Remixes),Leva-me A Dançar (Remixes),8,MISSING_TRACKS,
En Español 1,Franco Simone/Album/1981 - Λες να' ναι αγάπη,Λες Να 'Ναι Αγάπη,10,MISSING_TRACKS,
En Español 1,Franco Simone/Compilation/2021 - En español 1,En Español 1,15,EXTRA_TRACKS,
EP #2040,King Kashmere/EP/2013 - Strange U (Kashmere & Dr. Zygote) (EP),EP,6,MISSING_TRACKS,
EP #2040,King Kashmere/EP/2014 - Strange U (Kashmere & Dr. Zygote) - EP #2040,EP #2040,7,COMPLETE,
Epilogue / In the Glare of Burning Churches,Graveland/Album/1996 - In The Glare Of Burning Churches,In the Glare of Burning Churches,8,MISSING_TRACKS,
Epilogue / In the Glare of Burning Churches,Graveland/Album/1999 - Epilogue - In The Glare Of Burning Churches,Epilogue / In the Glare of Burning Churches,11,COMPLETE,
Eugene McGuinness,Eugene McGuinness/Album/2008 - Eugene McGuinness,Eugene McGuinness,12,COMPLETE,
Eugene McGuinness,Eugene McGuinness/EP/2008 - Moscow State Circus (EP),Moscow State Circus,4,MISSING_TRACKS,
eve,Cinema Staff/Live/2015 - 'Land=Ocean' Tour Final @ 2015.06.26 Zepp DiverCity,"""Land=Ocean"" Tour Final @ 2015.06.26 Zepp DiverCity",13,MISSING_TRACKS,
eve,Cinema Staff/Live/2016 - 'Waypoint 2015' @ 2015.12.02 Toshima Public Hall,eve,29,EXTRA_TRACKS,
Everybody,The Sea And Cake/Album/2007 - Everybody,Everybody,10,COMPLETE,
Everybody,The Sea And Cake/Live/2011 - Daytrotter Session 28.09.2011,"Daytrotter Session - Sep 28, 2011",6,MISSING_TRACKS,
"Exitos, Volume 4",La Pandilla/Album/1970 - Un rayo de sol,La Pandilla,10,MISSING_TRACKS,
"Exitos, Volume 4",La Pandilla/Album/2010 - 20 Grandes exitos (1970-1973),"Exitos, Volume 4",20,EXTRA_TRACKS,
Eye of the Needle,My Silent Wake/Album/2014 - Eye of the Needle,Eye of the Needle,7,COMPLETE,
Eye of the Needle,My Silent Wake/EP/2014 - Silver (EP),Silver,3,MISSING_TRACKS,
Eye of the Needle,My Silent Wake/EP/2014 - The Cage Sessions 03 (EP),Eye of the Needle,2,MISSING_TRACKS,
False Gestures for a Devious Public,The Blood/Album/1983 - False Gestures For A Devious Public,False Gestures for a Devious Public,21,COMPLETE,
False Gestures for a Devious Public,The Blood/Compilation/2009 - More Blood,More Blood,15,MISSING_TRACKS,
False Gestures for a Devious Public,The Blood/Compilation/2009 - More Blood (Compilation),More Blood,15,MISSING_TRACKS,
False Gestures for a Devious Public,The Blood/Remastered/1983 - False Gestures For A Devious Public (Reissue 2005),False Gestures for a Devious Public,21,COMPLETE,
Família Caymmi,Dori Caymmi/Live/1987 - Caymmi (Ao Vivo no Rio de Janeiro),Família Caymmi,15,COMPLETE,
Família Caymmi,Nana Caymmi/Album/2013 - Caymmi,Caymmi,13,MISSING_TRACKS,
Família Caymmi,Nana Caymmi/Live/1987 - Família Caymmi (Ao Vivo no Rio de Janeiro),Família Caymmi,15,COMPLETE,
Famous in the Last Century,Status Quo/Album/2000 - Famous In The Last Century,Famous in the Last Century,17,COMPLETE,
Famous in the Last Century,Status Quo/Live/2000 - Famous In The Last Century - Filmed Live In London,Famous In The Last Century,17,MISSING_TRACKS,
Fatal Attraction,"Killer/Compilation/2019 - Vol. 2 - Only the Strong Survive, 1988-2015 (Boxed Set) [4 CD]/CD 4 - Van Camp - Too Wild to Tame (1988)","Vol. 2: Only the Strong Survive, 1988-2015",8,MISSING_TRACKS,
Fatal Attraction,Killer/Remastered/1990 - Fatal Attraction (2002 Reissue),Fatal Attraction,14,COMPLETE,
Fata-Organa,Laszlo Hortobagyi/Album/1997 - Fata-Organa,Fata-organa,16,COMPLETE,
Fata-Organa,Laszlo Hortobagyi/Album/2000 - The Brief History Of GUO,GUOlden Edition,13,MISSING_TRACKS,
Father,Brisa Roché/Album/2018 - Father,Father,12,COMPLETE,
Father,Brisa Roché/EP/2018 - Patience,Patience,4,MISSING_TRACKS,
Faz uma loucura por mim,Alcion/Album/2004 - Faz Uma Loucura Por Mim,Faz Uma Loucura Por Mim,17,MISSING_TRACKS,
Faz uma loucura por mim,Alcione/Album/2004 - Faz Uma Loucura Por Mim,Faz uma loucura por mim,17,COMPLETE,
Features (Remixed),Kris Menace/Album/2013 - Features Remixed (Compuphonic - COMPU 31),Features,11,EXTRA_TRACKS,
Features (Remixed),Kris Menace/Album/2013 - Voodoo Dilate (Samo)(Better Songs - Sony),Voodoo Dilate (Samo),11,EXTRA_TRACKS,
Features (Remixed),Kris Menace/EP/2013 - Kris Menace (feat. Black Hills) Waiting For You (EP)(Compuphonic - COMPU28),Waiting For You,5,MISSING_TRACKS,
Feels So Good // Feels So Bad,The Shivas/Album/2021 - Feels So Good _ Feels So Bad,Feels So Good // Feels So Bad,13,COMPLETE,
Feels So Good // Feels So Bad,The Shivas/Album/2023 - Alive in The World,Alive in The World,13,MISSING_TRACKS,
Festa Para Um Rei Negro,Jair Rodrigues/Album/1971 - Festa Para Um Rei Negro,Festa Para Um Rei Negro,13,COMPLETE,
Festa Para Um Rei Negro,Jair Rodrigues/Album/1982 - Jair Rodrigues de Oliveira,Jair Rodrigues De Oliveira,10,MISSING_TRACKS,
Field Trip,Tor Lundvall/Album/2011 - Field Trip,Field Trip,3,MISSING_TRACKS,
Field Trip,Tor Lundvall/Album/2016 - Nature Laughs As Time Slips By/Disc 4 - Field Trip,Nature Laughs as Time Slips By,12,MISSING_TRACKS,
Fire Below a Spread Seed,Black Leather Jesus/Album/1995 - Black Leather Jesus + Mad Recital - Forge,Fire Below a Spread Seed,2,MISSING_TRACKS,
Fire Below a Spread Seed,Black Leather Jesus/Album/1995 - Glorious Sadism Vol. 1 & 2 (RE 2024),Fire Below a Spread Seed,4,EXTRA_TRACKS,
Fire Below a Spread Seed,Black Leather Jesus/Album/1998 - Event,Fire Below a Spread Seed,5,EXTRA_TRACKS,
Fire Below a Spread Seed,Black Leather Jesus/Album/2016 - Black Leather Jesus + Pharmakon + Future Blondes - Defile Texas 2.5.15,Defile Texas 2.5.15,3,EXTRA_TRACKS,
Fire Below a Spread Seed,Black Leather Jesus/Album/2023 - Live - Excessive Force,Live: Excessive Force,2,MISSING_TRACKS,
Fire Below a Spread Seed,Black Leather Jesus/Album/2023 - Live - Forced Red,Fire Below a Spread Seed,2,COMPLETE,
First Lady of Soul,Trudy Lynn/Album/1994 - 24 Hour Woman,24 Hour Woman,12,MISSING_TRACKS,
First Lady of Soul,Trudy Lynn/Album/1995 - First Lady Of Soul,First Lady of Soul,14,COMPLETE,
First Light,Pat Martino/Album/1999 - First Light,First Light,4,MISSING_TRACKS,
First Light,Pat Martino/Album/1999 - First Light Joyous Lake Starbright,First Light: Joyous Lake / Starbright,18,COMPLETE,
Flows Out,Contagious Orgasm/Album/2003 - Flows Out,Flows Out,8,COMPLETE,
Flows Out,Contagious Orgasm/Album/2004 - Daft Jarring Effects,Daft Jarring Effects,7,MISSING_TRACKS,
"F, Monday, Orange, February, Venus, Lunatic, 1 or 13","Colourmusic/Album/2008 - F, Monday, Orange, February, Venus, Lunatic, 1 Or 13","F, Monday, Orange, February, Venus, Lunatic, 1 or 13",13,COMPLETE,
"F, Monday, Orange, February, Venus, Lunatic, 1 or 13","Colourmusic/EP/2013 - A Very Special Colourmusic Christmas, Vol. 1",A Very Special Colourmusic Christmas: Volume 1,7,MISSING_TRACKS,
Folk 'n Hill,Charlie Moore/Album/1963 - Folk 'n Hill (With Bill Napier),Folk 'n Hill,14,COMPLETE,
Folk 'n Hill,Charlie Moore/Album/1966 - Country Music Goes To Vietnam (With Bill Napier),Country Music Goes To Vietnam,11,MISSING_TRACKS,
Folk Songs for an Obscure Race,Grim/Compilation/1999 - The Past Is Still in Current Use,The Past Is Still in Current Use,21,MISSING_TRACKS,
Folk Songs for an Obscure Race,Grim/Compilation/2009 - Folk Songs For An Obscure Race,Folk Songs for an Obscure Race,21,COMPLETE,
Forging Nations LIVE!,The Cyberiam/Live/2020 - Forging Nations LIVE!,Forging Nations LIVE!,7,COMPLETE,
Forging Nations LIVE!,The Cyberiam/Live/2023 - Deux-Oh (Live In Quebec City),Moore's Law,6,MISSING_TRACKS,
For Now,Girl K/Album/2019 - For Now,For Now,8,COMPLETE,
For Now,Girl K/EP/2020 - Girl K on Audiotree Live,Girl K on Audiotree Live,7,MISSING_TRACKS,
For You Tonight,Jungle/Album/1998 - For You Tonight,For You Tonight,11,COMPLETE,
For You Tonight,Jungle/Album/1998 - To Be Heard,To Be Heard,3,MISSING_TRACKS,
Fragile Revolution,Lluva/Album/2022 - Fragile Revolution,Fragile Revolution,9,COMPLETE,
Fragile Revolution,Lluva/Album/2023 - BIZANCIO,BIZANCIO,10,EXTRA_TRACKS,
Fragile Revolution,Lluva/EP/2023 - Cinematic Man (EP),Cinematic Man (EP),5,MISSING_TRACKS,
Full Bloom,Savoir Adore/Album/2019 - Full Bloom,Full Bloom,12,COMPLETE,
Full Bloom,Savoir Adore/EP/2018 - First Bloom (EP),Full Bloom,6,MISSING_TRACKS,
Full Bloom,Savoir Adore/EP/2018 - When the Summer Ends (Remixes),When the Summer Ends (Remixes),4,MISSING_TRACKS,
Fun City,Bright Light Bright Light/Album/2020 - Fun City,Fun City,12,COMPLETE,
Fun City,Bright Light Bright Light/EP/2020 - Good at Goodbyes,Good At Goodbyes,5,MISSING_TRACKS,
Fun City,Bright Light Bright Light/EP/2020 - I Used to Be Cool,I Used to Be Cool,4,MISSING_TRACKS,
Fun City,Bright Light Bright Light/EP/2020 - This Was My House,This Was My House,4,MISSING_TRACKS,
Funky Funky Boom Boom,Jota Quest/Album/2013 - Funky Funky Boom Boom,Funky Funky Boom Boom,15,COMPLETE,
Funky Funky Boom Boom,Jota Quest/Album/2014 - Remixes Waiting For You,Remixes Waiting For You,9,MISSING_TRACKS,
Fun With Dumb,Dumbfoundead/Album/2008 - Dumburger With No Cheese,Dumburger With No Cheese,7,MISSING_TRACKS,
Fun With Dumb,Dumbfoundead/Album/2009 - Fun With Dumb,Fun With Dumb,19,COMPLETE,
Further Definitions + Jazz Giant,Benny Carter/Album/2012 - Definitions of Jazz (Best Of),Further Definitions + Jazz Giant,25,EXTRA_TRACKS,
Further Definitions + Jazz Giant,Benny Carter/Album/2013 - Further Definition,Further Definitions,8,MISSING_TRACKS,
FURTHER SHORE,he/Album/2005 - Further Shore,FURTHER SHORE,8,COMPLETE,
FURTHER SHORE,he/EP/2003 - No Skill,No Skill,2,MISSING_TRACKS,
Future:Memories,Pegasus/Album/2022 - Future_Memories,Future:Memories,10,COMPLETE,
Future:Memories,Pegasus/EP/2023 - Future_Memories - The Piano Sessions,Future : Memories,6,MISSING_TRACKS,
Gambler's Ecstasy,Chris Brokaw/Album/2012 - Gambler's Ecstasy,Gambler's Ecstasy,10,COMPLETE,
Gambler's Ecstasy,Chris Brokaw/Live/2011 - I Ace Sociopathic King,I Ace Sociopathic King,9,MISSING_TRACKS,
Gap Band 8,The Gap Band/Album/1986 - Gap Band 8,Gap Band VIII,8,MISSING_TRACKS,
Gap Band 8,"The Gap Band/Album/1986 - Gap Band 8 (2011 Reissue, Remastered)",Gap Band VIII,14,COMPLETE,
Gap Band 8,"The Gap Band/Compilation/2019 - Gap Band 8 + Bonus Tracks - Straight From The Heart (2CD) (Reissue, Remastered)/CD1 - Gap Band 8 + Bonus Tracks",Gap Band 8 + Bonus Tracks / Straight From The Heart,14,COMPLETE,
Garland Sessions,The Owl Service/Album/2012 - Garland Sessions,Garland Sessions,19,COMPLETE,
Garland Sessions,The Owl Service/EP/2013 - Bare Ghosts EP,Bare Ghosts,4,MISSING_TRACKS,
Garland Sessions,The Owl Service/EP/2013 - BBC6 Music Freak Zone Session (EP),The Petrifying Well,3,MISSING_TRACKS,
Gates of Nocticula,Lucifugum/Album/1996 - [2004] - Gates Of Nocticula,Gates of Nocticula,8,COMPLETE,
Gates of Nocticula,Lucifugum/Album/1996 - Gates Of Nocticula [Demo],Gates Of Nocticula,8,MISSING_TRACKS,
Gee Baby,Al Campbell/Album/1978 - 79/1978.1 - Gee Baby (2017),Gee Baby,10,COMPLETE,
Gee Baby,Al Campbell/Album/1980 - 88/1984 - Talk About Love,Talk About Love,10,MISSING_TRACKS,
Gee Baby,Al Campbell/Album/1997 - 23/2011 - Get Ready,Get Ready,10,MISSING_TRACKS,
Get in the Pita Bread Pit,Useless ID/Album/1999 - Get In The Pita Bread Pit,Get in the Pita Bread Pit,10,MISSING_TRACKS,
Get in the Pita Bread Pit,Useless ID/EP/1998 - Split Useless ID & Spyhole,Useless I.D. / Spyhole,6,MISSING_TRACKS,
Giants of Jazz,Acker Bilk/Album/2019 - Giants of Jazz,Giants of Jazz,18,COMPLETE,
Giants of Jazz,Acker Bilk/Compilation/2011 - Live! Vol. 1,Live! Vol. 1,12,MISSING_TRACKS,
Goin' Home,Blind Lemon Pledge/Album/2010 - I Would Rather Go Blind,I Would Rather Go Blind,10,MISSING_TRACKS,
Goin' Home,Blind Lemon Pledge/Album/2020 - Goin' Home,Goin' Home,12,COMPLETE,
Gordon Giltrap,Gordon Giltrap/Album/1997 - Gordon Giltrap (1968) - Portrait (1969) (Castle Communications UK),Gordon Giltrap,24,EXTRA_TRACKS,
Gordon Giltrap,Gordon Giltrap/Live/2005 - Giltrap - A Taste Of Classical Giltrap (2014 Giltrap WEB),Giltrap,8,MISSING_TRACKS,
Grandes Êxitos,Luís Represas/Album/2000 - Código Verde,Código Verde,13,MISSING_TRACKS,
Grandes Êxitos,Luís Represas/Album/2020 - Grandes Êxitos,Grandes Êxitos,14,COMPLETE,
Greatest Hits,Middle of the Road/Compilation/1998 - Greatest Hits,Greatest Hits,16,COMPLETE,
Greatest Hits,Middle of the Road/Compilation/2023 - Flying High,Flying High,12,MISSING_TRACKS,
Green Grow the Lilacs,The Originals/Album/1969 - Green Grow The Lilacs,Green Grow the Lilacs,12,COMPLETE,
Green Grow the Lilacs,The Originals/Album/1981 - Yesterday And Today,Yesterday And Today,6,MISSING_TRACKS,
Guiding Light,Pymlico/Album/2014 - Guiding Light,Guiding Light,7,COMPLETE,
Guiding Light,Pymlico/EP/2015 - Studio Live EP,Studio Live - EP,4,MISSING_TRACKS,
Half Century Dub … Five Decades in the Mix,"Vibronics/Album/2017 - Vibronics, Conscious Sounds - Half Century Dub Five Decades in the Mix",Half Century Dub … Five Decades in the Mix,10,COMPLETE,
Half Century Dub … Five Decades in the Mix,"Vibronics/EP/2017 - Vibronics, Conscious Sounds - Blaze a Fire ∕ Hail Up EP",Blaze a Fire / Hail Up EP,4,MISSING_TRACKS,
Happy Accident,Big Little Lions/Album/2022 - Happy Accident,Happy Accident,14,COMPLETE,
Happy Accident,Big Little Lions/EP/2020 - Distant Air (EP),Happy Accident,3,MISSING_TRACKS,
Happy Accident,Big Little Lions/EP/2021 - Never Mind the Weather (EP),Never Mind the Weather - EP,3,MISSING_TRACKS,
Happy Accident,Big Little Lions/EP/2021 - Turn It Off (EP),Turn It Off - EP,3,MISSING_TRACKS,
Happy Accident,Big Little Lions/EP/2021 - We Were Young (EP),Happy Accident,3,MISSING_TRACKS,
Heartbreak Is Misery,Brannon/Album/2014 - Welton St,Welton St,12,MISSING_TRACKS,
Heartbreak Is Misery,Brannon/Album/2023 - Heartbreak Is Misery,Heartbreak Is Misery,14,COMPLETE,
Heimreise - Live in Bremen - 27.08.2011,Unheilig/Compilation/2011 - Heimreise,Heimreise,20,MISSING_TRACKS,
Heimreise - Live in Bremen - 27.08.2011,Unheilig/Compilation/2012 - Heimreise [Deluxe Limited Edition]/DVD 1 - Auf Dem Weg Zum Heimathafen - Das Konzert,Heimreise 2011,15,MISSING_TRACKS,
Henry Fool,Henry Fool/Album/2001 - Henry Fool,Henry Fool,16,COMPLETE,
Henry Fool,Henry Fool/EP/2013 - The Free Henry Fool (EP),The Free Henry Fool Download EP,4,MISSING_TRACKS,
High King,Emerald Rage/Album/2021 - High King,High King,9,COMPLETE,
High King,Emerald Rage/EP/2021 - Wings of Solitude (EP),Wings of Solitude (EP),3,MISSING_TRACKS,
Highly Recommended,Helen Baylor/Album/1990 - Highly Recommended,Highly Recommended,10,COMPLETE,
Highly Recommended,Helen Baylor/Album/2008 - The Definitive Gospel Collection,The Definitive Gospel Collection,10,MISSING_TRACKS,
HODGEPODGE,The Rembrandts/Album/2000 - T.H.R.U.S.H. (Phil Solem),T.H.R.U.S.H.,12,MISSING_TRACKS,
HODGEPODGE,The Rembrandts/Album/2011 - HODGEPODGE (Phil Solem),HODGEPODGE,12,COMPLETE,
Hope,Foy Vance/Album/2007 - Hope,Hope,15,COMPLETE,
Hope,"Foy Vance/Live/2009 - Live at the Waterfront, Belfast","Live At The Waterfront, Belfast",5,MISSING_TRACKS,
Hot,Inna/Album/2010 - Hot,Hot,14,COMPLETE,
Hot,Inna/EP/2011 - Un Momento [WEB],Un Momento,14,MISSING_TRACKS,
Hot Garden Stomp,The Mountain Goats/Album/1993 - Hot Garden Stomp (Cassete),Hot Garden Stomp,16,COMPLETE,
Hot Garden Stomp,The Mountain Goats/Album/2012 - The Hound Chronicles & Hot Garden Stomp/CD 1. Hot Garden Stomp,The Hound Chronicles / Hot Garden Stomp,16,MISSING_TRACKS,
Hunter Man,Barrington Levy/Album/1983 - Hunter Man,Hunter Man,8,COMPLETE,
Hunter Man,Barrington Levy/Album/1983 - Revelation,Revelation / Better Your Life,4,MISSING_TRACKS,
Ich bin nicht modern... Ich fühle deutsch,Frank Rennicke/Album/1993 - Ich bin nicht modern... ich fuhle Deutsch,Ich bin nicht modern... Ich fühle deutsch,15,COMPLETE,
Ich bin nicht modern... Ich fühle deutsch,Frank Rennicke/Album/1996 - Deutsche Gefühle,Ich Bin Nicht Modern...Ich Fühle Deutsch,15,MISSING_TRACKS,
Id-dar tal-missier,A Lily/EP/2018 - Id-Dar Tal-Missier,Id-dar tal-missier,7,EXTRA_TRACKS,
Id-dar tal-missier,A Lily/EP/2019 - Wara Id-Dar,Wara Id-Dar,5,MISSING_TRACKS,
Imagine - Gonzalo Rubalcaba in the USA,Gonzalo Rubalcaba/Album/1986 - Concatenacion Heroica,Gonzalo Rubalcaba,4,MISSING_TRACKS,
Imagine - Gonzalo Rubalcaba in the USA,Gonzalo Rubalcaba/Album/1993 - Imagine,Imagine - Gonzalo Rubalcaba in the USA,7,COMPLETE,
Imagine - Gonzalo Rubalcaba in the USA,Gonzalo Rubalcaba/Album/1995 - Pergamin,Gonzalo Rubalcaba,4,MISSING_TRACKS,
I'M FREE,a flood of circle/Album/2013 - I'M FREE,I'M FREE,12,COMPLETE,
I'M FREE,ircle/Album/2022 - ふるえる,ふるえる,10,MISSING_TRACKS,
I'm the Right Man,Jaye Hammer/Album/2014 - Jaye Hammer's Still Got It,Jaye Hammer's Still Got It,11,MISSING_TRACKS,
I'm the Right Man,Jaye Hammer/Album/2015 - I'm The Right Man,I'm the Right Man,11,COMPLETE,
I'm the Right Man,Jaye Hammer/Album/2019 - The Best Of Jaye Hammer,The Best Of Jaye Hammer,14,EXTRA_TRACKS,
In der Kantine gab es Bohnen...,Tomas Tulpe/Album/2017 - Ich War Noch Nie Im Berghain,Ich War Noch Nie Im Berghain,2,MISSING_TRACKS,
In der Kantine gab es Bohnen...,Tomas Tulpe/Album/2017 - In Der Kantine Gab Es Bohnen,In der Kantine gab es Bohnen...,14,COMPLETE,
Industry,Reactor/Album/2000 - Industry,Industry,12,MISSING_TRACKS,
Industry,Reactor/Live/1999 - Iндuстрія (Live),Iíäuñòð³ÿ (Live),10,MISSING_TRACKS,
Infierno,Zarpa/Album/2003 - Infierno,Infierno,16,COMPLETE,
Infierno,Zarpa/Album/2009 - Iberia/Disc 2 - DVD,Iberia,15,MISSING_TRACKS,
In Hatred's Flame,Exmortus/Album/2008 - In Hatred's Flame,In Hatred's Flame,11,COMPLETE,
In Hatred's Flame,Exmortus/Album/2008 - In Hatred's Flame (2),In Hatred's Flame,11,COMPLETE,
In Hatred's Flame,Exmortus/EP/2006 - Reign of the War Gods (EP),Reign of the War Gods (EP),8,MISSING_TRACKS,
In Session,Quicksilver Messenger Service/Live/2015 - New Year's Eve 1967,New Year's Eve 1967,11,MISSING_TRACKS,
In Session,Robby Krieger/Album/2017 - In Session,In Session,11,COMPLETE,
International Magic Live at the O2,High Flying Birds/Compilation/2012 - A Tribute to Noel Gallagher,The Flying Bird,5,MISSING_TRACKS,
International Magic Live at the O2,"High Flying Birds/Compilation/2012 - Faster Than The Speed Of Magic (NGHFB Demos) [Sour Mash, JDNCDVD16X]",International Magic Live at the O2,13,COMPLETE,
In the A.M. Wilds,The High Dials/Album/2015 - In The A.M. Wilds,In the A.M. Wilds,14,COMPLETE,
In the A.M. Wilds,The High Dials/EP/2015 - Desert Tribe,Desert Tribe,4,MISSING_TRACKS,
In This Light,Principe Valiente/Album/2024 - In This Light,In This Light,10,COMPLETE,
In This Light,Principe Valiente/EP/2024 - In This Light (Remixes),In This Light (Remixes),5,MISSING_TRACKS,
Into the Sea,Dean Owens/Album/2015 - Into The Sea,Into the Sea,13,COMPLETE,
Into the Sea,Dean Owens/EP/2014 - No Man's Land (EP),Into The Sea,4,MISSING_TRACKS,
Into The Wild,Avi Rosenfeld/Album/2021 - Into The Wild,Into The Wild,10,COMPLETE,
Into The Wild,Avi Rosenfeld/Album/2022 - Very Heepy Very Purple XIII,Very Heepy Very Purple XIII,10,MISSING_TRACKS,
In(t)oxxication,Sara Noxx/Album/2009 - In(t)oxxication/Album,In(t)oxxication,16,COMPLETE,
In(t)oxxication,Sara Noxx/Album/2009 - In(t)oxxication/Bonus Remixes,In(t)oxxication - Bonus Remixes,16,MISSING_TRACKS,
Is a Beast,Cameron McGill/Album/2011 - Is A Beast (& What Army),Is a Beast,12,COMPLETE,
Is a Beast,Cameron McGill/EP/2010 - Deserters (& What Army) (EP),Deserters,5,MISSING_TRACKS,
Itchy Soul,The Get Right Band/Album/2019 - Live In Asheville,Live In Asheville,13,MISSING_TRACKS,
Itchy Soul,The Get Right Band/Album/2020 - Itchy Soul,Itchy Soul,14,COMPLETE,
It's All About Me! I'm Taking Back My Life,Ms. Jody/Album/2014 - It's All About Me! (Deluxe Edition),It's All About Me! I'm Taking Back My Life,14,COMPLETE,
It's All About Me! I'm Taking Back My Life,Ms. Jody/Album/2021 - Cowboy Style,Cowboy Style,11,MISSING_TRACKS,
It's Late,Avi Rosenfeld/Album/2020 - It's Late,It's Late,10,COMPLETE,
It's Late,Avi Rosenfeld/Album/2022 - If,If,10,MISSING_TRACKS,
Jack is Dead (1999-2004),Mesrine/Album/2005 - Jack Is Dead (1999-2004),Jack is Dead (1999-2004),50,COMPLETE,
Jack is Dead (1999-2004),Mesrine/Album/2009 - Mesrine & Iron Butter,Grindin' Minds Since 1997 / Beheaded For Breakfast,21,MISSING_TRACKS,
Japanese Jazz File,Eiji Kitamura/Album/1978 - Song Folio/LP1 - Nancy,Song Folio (Nancy. Linda. Diane),10,MISSING_TRACKS,
Japanese Jazz File,Eiji Kitamura/Album/1989 - Japanese Jazz File,Japanese Jazz File,20,COMPLETE,
Jardim Da Infância,Robertinho de Recife/Album/1977 - Jardim da Infância,Jardim Da Infância,9,COMPLETE,
Jardim Da Infância,Robertinho de Recife/Album/1978 - Robertinho no Passo,Robertinho No Passo,9,MISSING_TRACKS,
Juke Joint Serenade,Ken Tucker/Album/2010 - Juke Joint Serenade,Juke Joint Serenade,12,COMPLETE,
Juke Joint Serenade,Ken Tucker/Album/2019 - Come On Over,Come On Over,12,MISSING_TRACKS,
Just Blu,Andy Lindquist/Album/2007 - Galactic Matches,Galactic Matches,10,MISSING_TRACKS,
Just Blu,Andy Lindquist/Album/2014 - Just Blu,Just Blu,11,COMPLETE,
Kaleidoscope,Courtney Act/Album/2015 - Kaleidoscope,Kaleidoscope,6,COMPLETE,
Kaleidoscope,Courtney Act/Album/2016 - Kaleidoscope (Remixes),Kaleidoscope (Remixes),5,MISSING_TRACKS,
KILL BY POP,The Let's Go's/Album/2022 - KILL BY POP,KILL BY POP,11,COMPLETE,
KILL BY POP,The Let's Go's/EP/2021 - 5×2,5×2,5,MISSING_TRACKS,
Kill Dem Wid Sax,Dean Fraser/Album/1978 - Black Horn Man,Black Horn Man,8,MISSING_TRACKS,
Kill Dem Wid Sax,Dean Fraser/Album/1988 - Dancehall Sax (2023),Dancehall Sax (2023),8,MISSING_TRACKS,
Knights of the New Thunder,TNT/Album/1983 - Demo,Demo,9,MISSING_TRACKS,
Knights of the New Thunder,TNT/Album/1983 - Knights Of The New Thunder Demos,Knights Of The New Thunder Demos,10,MISSING_TRACKS,
Knights of the New Thunder,TNT/Album/1984 - Knights Of The New Thunder,Knights of the New Thunder,11,COMPLETE,
Knowing Then What We Know Now,All Hallow's Evil/Album/2004 - The Cold Taste Of Nickel Plated Steel,The Cold Taste Of Nickel Plated Steel,8,EXTRA_TRACKS,
Knowing Then What We Know Now,All Hallow's Evil/EP/2003 - Give Guns To Children (EP),Give Guns To Children (EP),4,MISSING_TRACKS,
Knowing Then What We Know Now,"All Hallow's Evil/EP/2004 - We're Going To Die, Then We're Going To Hell (EP)","We're Going To Die, Then We're Going To Hell (EP)",5,MISSING_TRACKS,
Knowing Then What We Know Now,All Hallow's Evil/EP/2009 - Knowing Then What We Know Now (EP),Knowing Then What We Know Now,5,COMPLETE,
Kuman,Cristal y Acero/Album/1984 - Cristal y acero,Cristal Y Acero,10,MISSING_TRACKS,
Kuman,Cristal y Acero/Album/1984 - Kuman,Kuman,14,COMPLETE,
Kylie Fever 2002 Live in Manchester,Kylie Minogue/Live/2002 - Fever Tour 2002 Disc 1,Kylie Fever 2002 Live in Manchester,10,MISSING_TRACKS,
Kylie Fever 2002 Live in Manchester,Kylie Minogue/Live/2002 - Fever Tour 2002 Disc 2,Kylie Fever 2002 Live in Manchester,9,MISSING_TRACKS,
Kylie Fever 2002 Live in Manchester,Kylie Minogue/Live/2002 - Kylie Fever,Kylie-Fever-2002: In Concert - Live In Manchester,20,EXTRA_TRACKS,
Last,Platon & Joolay/Album/2017 - Last,Last,3,COMPLETE,
Last,Platon & Joolay/Album/2017 - Last (Remixes),Last (Remixes),3,MISSING_TRACKS,
Leisure Scars,Cremation Lily/Album/2015 - A River Returning to Sea (with False Moniker),A River Returning To Sea,2,MISSING_TRACKS,
Leisure Scars,Cremation Lily/Album/2017 - Leisure Scars,Leisure Scars,8,COMPLETE,
Lemonade,Lemonade/Album/2009 - Lemonade,Lemonade,6,COMPLETE,
Lemonade,Lemonade/EP/2009 - Bliss Out [sunday best],Bliss Out,5,MISSING_TRACKS,
Le Monde Möö,Moodoïd/Album/2014 - Le monde Möö [Deezer Session],Le Monde Möö,13,EXTRA_TRACKS,
Le Monde Möö,Moodoïd/EP/2015 - Heavy Metal Be Bop 2 (EP),Heavy Metal Be Bop 2 - EP,4,MISSING_TRACKS,
Let a Lover Drown You,Penny And Sparrow/Album/2016 - Let A Lover Drown You,Let a Lover Drown You,11,COMPLETE,
Let a Lover Drown You,Penny And Sparrow/EP/2016 - Penny and Sparrow on Audiotree Live,Let A Lover Drown You,5,MISSING_TRACKS,
Let Me Sing and I'm Happy: Al Jolson at Warner Bros. 1926 - 1936,Al Jolson/Album/2000 - Go Into Your Dance _ Wonder bar,Go Into Your Dance And Wonder Bar,18,MISSING_TRACKS,
Let Me Sing and I'm Happy: Al Jolson at Warner Bros. 1926 - 1936,Al Jolson/Album/2000 - The Jazz Singer - OST,Let Me Sing and I'm Happy: Al Jolson at Warner Bros. 1926 - 1936,17,MISSING_TRACKS,
Let Me Sing and I'm Happy: Al Jolson at Warner Bros. 1926 - 1936,Al Jolson/Album/2008 - Golden Gate,I Love To Sing (Original Film Soundtracks),13,MISSING_TRACKS,
Let Them Eat Metal,The Rods/Album/1984 - Let Them Eat Metal,Let Them Eat Metal,9,MISSING_TRACKS,
Let Them Eat Metal,The Rods/Remastered/1984 - Let Them Eat Metal (1998 Reissue),Let Them Eat Metal,13,COMPLETE,
Let Them Eat Metal,The Rods/Remastered/1984 - Let Them Eat Metal (2020 Remastered),Let Them Eat Metal,13,COMPLETE,
Let Them Eat Metal,The Rods/Remastered/1986 - Heavier Than Thou (2015 Reissue),Heavier Than Thou,13,MISSING_TRACKS,
Life Is a Dead End,Negativity/Album/2009 - 1 - Life Is A Dead End,Life Is a Dead End,9,COMPLETE,
Life Is a Dead End,Negativity/Album/2012 - 3 - Rehearsal 2012,Rehearsal 2012,4,MISSING_TRACKS,
Life on Death Road,Jorn Lande/Album/2017 - Life On Death Road (Japan),Life on Death Road,13,COMPLETE,
Life on Death Road,Jorn Lande/Album/2017 - Life On Death Road [Japanese Edition],Life on Death Road,13,COMPLETE,
Life on Death Road,"Jorn Lande/Compilation/2018 - 50 Years on Earth (the Anniversary Box Set), 12CD/CD 09 - Life On Death Road",50 Years On Earth - The Anniversary Box Set,13,MISSING_TRACKS,
Life...The Best Game in Town,Harvey Milk/Album/2008 - Life... The Best Game In Town (Japanese Version),Life...The Best Game in Town,10,COMPLETE,
Life...The Best Game in Town,Harvey Milk/Album/2008 - Life... The Best Game In Town (Japanese Version)/Bonus Disc,Life...The Best Game In Town = ライフ...ザ・ベスト・ゲーム・イン・タウン,10,MISSING_TRACKS,
Live,B.B. King/Album/2009 - Live,Live,18,EXTRA_TRACKS,
Live,B.B. King/Live/2008 - Live,Live,12,COMPLETE,
Live,B.B. King/Live/2008 - Live [DVD Edition],Live,22,EXTRA_TRACKS,
Live,B.B. King/Live/2011 - Live At The Glastonbury Festival,Live At The Glastonbury Festival,12,MISSING_TRACKS,
Live Acoustic Session (Live),Little G Weevil/Album/2018 - Back In Alabama,Back In Alabama,11,MISSING_TRACKS,
Live Acoustic Session (Live),Little G Weevil/Live/2021 - Live Acoustic Session,Live Acoustic Session (Live),17,COMPLETE,
Live and Well in Japan,Benny Carter/Album/1977 - Live And Well In Japan,Live and Well in Japan,4,COMPLETE,
Live and Well in Japan,"Benny Carter/Live/1978 - 'Live And Well In Japan! (Remastered 1992 _ Live At Kosei Nenkin Hall, Tokyo, JP _ April 29, 1977)",'Live And Well In Japan!,4,MISSING_TRACKS,
Live at Massey Hall 1971,"Neil Young/Album/2009 - Archives, Vol. 1 (1963-1972, Remastered)/CD7 - Live at Massey Hall (1971)","Archives, Vol. I: 1963-1972",17,MISSING_TRACKS,
Live at Massey Hall 1971,Neil Young/Live/2007 - Live At Massey Hall 1971,Live at Massey Hall 1971,17,COMPLETE,
Live at Rockpalast,Roy Buchanan/Live/1987 - Recorded - Live In San Antonio,Recorded : Live In San Antonio,10,MISSING_TRACKS,
Live at Rockpalast,Roy Buchanan/Live/2011 - Live At Rockpalast 1985 [DVD Version],Live at Rockpalast,14,EXTRA_TRACKS,
Live at Rockpalast,Roy Buchanan/Live/2011 - Live At Rockpalast 1985 [Limited Edition],Live at Rockpalast,13,COMPLETE,
Live Encore!,Earthshaker/EP/1985 - Arigato Kimini (12'' EP),The Ballads Of Earthshaker,2,MISSING_TRACKS,
Live Encore!,Earthshaker/Live/1989 - Live Encore!,Live Encore!,9,COMPLETE,
Live Forces,Soldier/Album/2014 - Untold Stories (Unreleased Tapes - Demos & Recordings),"Untold Stories (Unreleased Soldier Tapes, Demos & Recordings)",3,MISSING_TRACKS,
Live Forces,Soldier/Live/1982 - Live Forces (2014 Remastered),Live Forces,8,COMPLETE,
Live Forces,Soldier/Live/1982 - Live Forces (Live),Live Forces,7,MISSING_TRACKS,
Live in Atlanta 2011,Therion/Live/2014 - Adulruna Rediviva And Beyond [Limited Digipak Edition]/DVD 2 - Atlanta 2011,Adulruna Rediviva And Beyond,21,MISSING_TRACKS,
Live in Atlanta 2011,Therion/Live/2021 - Live in Atlanta 2011 (Live),Live in Atlanta 2011,21,COMPLETE,
Live in East Berlin 1990,Sabbat/Album/1991 - The End Of The Beginning [LD Rip],The End Of The Beginning,9,MISSING_TRACKS,
Live in East Berlin 1990,Sabbat/Album/2023 - Live in East Berlin 1990,The End of the Beginning,11,COMPLETE,
Live in England / …And the Music Plays On,Del Shannon/Album/1972 - Live In England,Live in England / …And the Music Plays On,14,MISSING_TRACKS,
Live in England / …And the Music Plays On,Del Shannon/Album/1973 - Live In England & And The Music Plays On,Live In England / ...And The Music Plays On,28,COMPLETE,
Live in Greensboro,R.E.M/EP/2013 - Live In Greensboro (1989 tour) (EP),Live in Greensboro,5,MISSING_TRACKS,
Live in Greensboro,R.E.M/Remastered/1988 - Green (2016 Remastered Deluxe Edition)/CD 2 - Live In Greensboro,Green,26,COMPLETE,
Live in Jamaica,Cocoa Tea/Live/2002 - Live in Jamaica,Live in Jamaica,16,COMPLETE,
Live in Jamaica,Cocoa Tea/Live/2014 - Time Will Tell (Live),Time Will Tell (Live),12,MISSING_TRACKS,
"Live in Kansas City, Missouri",Weezer/Live/2009 - Kansas City Live,"Live in Kansas City, Missouri",15,COMPLETE,
"Live in Kansas City, Missouri",Weezer/Live/2009 - Live in Washington DC,Live In Washington DC,15,MISSING_TRACKS,
Live In Madrid,TNT/Album/2005 - Live In Madrid,Live In Madrid,16,MISSING_TRACKS,
Live In Madrid,TNT/Album/2006 - Live In Madrid,Live in Madrid,16,MISSING_TRACKS,
Live in Paris,Ken Boothe/Album/1986 - Imagine,Imagine,9,MISSING_TRACKS,
Live in Paris,Ken Boothe/Album/2005 - Ken Boothe Live in Paris,Live in Paris,14,COMPLETE,
Live & More,Marcus Miller/Album/1998 - Live & More,Live & More,10,COMPLETE,
Live & More,Marcus Miller/Album/2009 - Tutu Revisited Germany,Tutu Revisited Germany 2009,7,MISSING_TRACKS,
Live on WBAB / Live Sky,Crack The Sky/Live/1978 - Live Sky,Live Sky,7,MISSING_TRACKS,
Live on WBAB / Live Sky,Crack The Sky/Live/1988 - Live on WBAB Plus Bonus Cuts from Live Sky,Live on WBAB / Live Sky,11,COMPLETE,
Lonely Man,Boztown/Album/2016 - Boztown - Break First,Break First,9,MISSING_TRACKS,
Lonely Man,Boztown/Album/2021 - Boztown - Lonely Man,Lonely Man,11,MISSING_TRACKS,
Look Ahead and See the Distance,Racoon/Album/2017 - Look Ahead And See The Distance,Look Ahead And See The Distance,12,COMPLETE,
Look Ahead and See the Distance,Racoon/EP/2017 - Look Ahead (EP),Look Ahead and See the Distance,5,MISSING_TRACKS,
Looking for a Brighter Day,Ken Tucker/Album/2005 - Ken Tucker & The Back Porch Pilgrims - Kings of Candleburg Road,Kings of Candleburg Road,13,MISSING_TRACKS,
Looking for a Brighter Day,Ken Tucker/Album/2007 - Looking For A Brighter Day,Looking for a Brighter Day,13,COMPLETE,
Looking for a Brighter Day,Ken Tucker/Compilation/2019 - Greatest Hits - 30 Years of Blues,Looking for a Brighter Day,12,MISSING_TRACKS,
Lost Days in Lake Biwa,Grmln/Album/2019 - Is It Really That Strange_,Is It Really That Strange?,14,EXTRA_TRACKS,
Lost Days in Lake Biwa,Grmln/Album/2022 - Lost Days In Lake Biwa,Lost Days in Lake Biwa,10,MISSING_TRACKS,
Lost in Orbit,SpaceMan 1981/Album/2022 - Lost in Orbit,Lost in Orbit,13,COMPLETE,
Lost in Orbit,SpaceMan 1981/EP/2021 - Never Grow Up (EP),Never Grow Up,5,MISSING_TRACKS,
Louden,"Thomas Dimuzio/Album/1988 - Delineation Of Perspective (Cass, Album)",Delineation Of Perspective,6,MISSING_TRACKS,
Louden,"Thomas Dimuzio/Compilation/1997 - Louden (CD, Comp, RM)",Louden,8,COMPLETE,
Love and Beyond,Jackie Boyz/Album/2009 - All I Want for Christmas Is You,Love and Beyond,5,MISSING_TRACKS,
Love and Beyond,Jackie Boyz/Album/2009 - Love and Beyond,Love and Beyond,16,COMPLETE,
Love and Beyond,Jackie Boyz/Album/2011 - Songs In My Blackberry (Bonus Track Version),Songs In My Black Berry,16,MISSING_TRACKS,
Love and Beyond,Jackie Boyz/Album/2015 - THE JACKIE BOYZ,THE JACKIE BOYZ,20,EXTRA_TRACKS,
Love Is Hell,Kitchens Of Distinction/Album/1989 - Love Is Hell,Love is Hell,13,COMPLETE,
Love Is Hell,Kitchens Of Distinction/Compilation/2017 - Watch Our Planet Circle/2017 - Watch Our Planet Circle (CD1),Watch Our Planet Circle,13,COMPLETE,
Love Is Hell,Kitchens Of Distinction/Live/1989 - Live Is Hell/1989 - Live Is Hell (CD2),Love is Hell,11,MISSING_TRACKS,
Love Is Hell,"Kitchens Of Distinction/Live/1990 - Bremen, Modernes (February, 4, 1990)",Love Is Hell,14,EXTRA_TRACKS,
Love & Light,Tom Speight/Album/2023 - Love & Light,Love & Light,12,COMPLETE,
Love & Light,Tom Speight/EP/2016 - Love,Love,4,MISSING_TRACKS,
Love & Light,Tom Speight/EP/2024 - Love & Light (Acoustic Versions),Love & Light,4,MISSING_TRACKS,
Lowlights From the Past and Future,Lawrence/Album/2007 - Friday's Child (MULEELECTRONIC026) - WEB -,Friday's Child,3,MISSING_TRACKS,
Lowlights From the Past and Future,Lawrence/Album/2007 - Lowlights From The Past And Future (MULECD006) - CD -,Lowlights From the Past and Future,11,COMPLETE,
Lujo ibérico,Mala Rodriguez/Album/2000 - Lujo Iberico,Lujo ibérico,11,COMPLETE,
Lujo ibérico,Mala Rodriguez/EP/1999 - A Jierro,A Jierro,5,MISSING_TRACKS,
Lupus Dei,Powerwolf/Album/2007 - Lupus Dei,Lupus Dei,11,COMPLETE,
Lupus Dei,Powerwolf/Compilation/2011 - Trinity In Black - The Holy Anthology Of Hymns For Praise Of Heavy Metal [Limited Edition]/LP 2 - Lupus Dei,Trinity in Black - The Holy Anthology of Hymns for Praise of Heavy Metal,11,MISSING_TRACKS,
Magic Trix,Xenia Rubinos/Album/2011 - Magic Trix,Magic Trix,12,COMPLETE,
Magic Trix,Xenia Rubinos/EP/2014 - Daytrotter Session 2014-03-05,Daytrotter Studio  2/12/2014,4,MISSING_TRACKS,
Man Behind the Smile,Cardiant/EP/2008 - Man Behind the Smile (EP),Man Behind the Smile,4,COMPLETE,
Man Behind the Smile,Cardiant/EP/2008 - Radiant (EP),Man Behind The Smile,3,MISSING_TRACKS,
Marco Paulo,Marco Paulo/Album/1988 - Marco Paulo,Marco Paulo,10,MISSING_TRACKS,
Marco Paulo,Marco Paulo/Album/2014 - Marco Paulo,Marco Paulo,14,COMPLETE,
Marco Paulo,Marco Paulo/Album/2019 - Marco Paulo,Marco Paulo,13,MISSING_TRACKS,
Marco Paulo,Marco Paulo/EP/1973 - Fala Amorosamente,"Fala Amorosamente - Tema Do Filme ""O Padrinho""",4,MISSING_TRACKS,
Matters,Pulley/Album/2004 - Matters,Matters,12,COMPLETE,
Matters,Pulley/EP/2006 - Beyond Warped Live Music Series,Beyond Warped,10,MISSING_TRACKS,
MCMLXXXIX-MCMXCV Past Present,Placebo Effect/Album/1990 - Placebo Effect (Cass),Placebo Effect,6,MISSING_TRACKS,
MCMLXXXIX-MCMXCV Past Present,Placebo Effect/Album/1996 - MCMXCV (1989-1995) Past ... Present,MCMLXXXIX-MCMXCV Past Present,10,COMPLETE,
Meet Your Ghost,The Kickdrums/Album/2011 - Meet Your Ghosts,Meet Your Ghost,9,COMPLETE,
Meet Your Ghost,The Kickdrums/EP/2013 - Inspiration for Conversation (EP),Inspiration For Conversation,6,MISSING_TRACKS,
Metalhead,Driveover/Album/2021 - Metalhead,Metalhead,10,COMPLETE,
Metalhead,Driveover/EP/2021 - Opalescent,Opalescent,4,MISSING_TRACKS,
Metalhead,Driveover/EP/2021 - Palescent,Palescent,5,MISSING_TRACKS,
Metal Warriors,Revenge/Album/2005 - Metal Warriors [Reissue 2013],Metal Warriors,15,EXTRA_TRACKS,
Metal Warriors,Revenge/Album/2018 - Infernal Angels 15 Años,Infernal Angels,9,MISSING_TRACKS,
Millenium - 20 Músicas do Século XX,Jair Rodrigues/Album/1970 - Talento e Bossa,Talento E Bossa,13,MISSING_TRACKS,
Millenium - 20 Músicas do Século XX,Jair Rodrigues/Album/1974 - Dez Anos Depois,10 Anos Depois,10,MISSING_TRACKS,
Millennium,Millennium/Album/1984 - Millennium,Millennium,10,MISSING_TRACKS,
Millennium,Millennium/Album/1984 - Millennium (2014 Remastered),Millennium,18,COMPLETE,
Millennium,Millennium/Album/1987 - Demo 1987,Demo Tapes,4,MISSING_TRACKS,
Mind Games,Eternity X/Album/1991 - The Never Ending Dream,...After The Silence,10,MISSING_TRACKS,
Mind Games,Eternity X/Album/1995 - Mind Games,Mind Games,12,COMPLETE,
mingping.com,Ming & Ping/Album/2002 - MingPing.com,mingping.com,14,COMPLETE,
mingping.com,Ming & Ping/EP/2004 - The Bright Sunlight (cdm),The Bright Sunlight CDM,4,MISSING_TRACKS,
Minha Historia,Jair Rodrigues/Album/1969 - Jair de Todos Os Sambas,Jair De Todos Os Sambas,13,MISSING_TRACKS,
Minha Historia,Jair Rodrigues/Compilation/1994 - Personalidade,Minha Historia,13,MISSING_TRACKS,
Minster of Madness / The Black Zone,Avenger & Bohemyst/Album/1994 - Minster Of Madness [Demo],Minster Of Madness / The Black Zone,6,MISSING_TRACKS,
Minster of Madness / The Black Zone,Avenger & Bohemyst/Album/1995 - The Black Zone [Demo],The Black Zone,6,MISSING_TRACKS,
Mo Country Rockin',Mick Clarke/Album/2022 - Telegram,Telegram,12,MISSING_TRACKS,
Mo Country Rockin',Mick Clarke/EP/2023 - Heartbeat - The E.P,Heartbeat - The E.P.,6,MISSING_TRACKS,
Modulate.,Bob Mould/Album/2002 - Modulate,Modulate.,14,COMPLETE,
Modulate.,Super Bob/EP/2006 - V.2 (EP),V.2 EP,5,MISSING_TRACKS,
Momentos,Anselmo Ralph/Album/2020 - Momentos,Momentos,10,COMPLETE,
Momentos,Anselmo Ralph/EP/2021 - Momentos Deluxe,Momentos Deluxe,6,MISSING_TRACKS,
Mont Blanc 2,North Posse/Album/2020 - Mont Blanc,Mont Blanc,9,MISSING_TRACKS,
Mont Blanc 2,North Posse/Album/2021 - Mont Blanc 2,Mont Blanc 2,10,MISSING_TRACKS,
Monty Alexander - Ernest Ranglin,Ernest Ranglin/Album/1981 - 00/1981 - Monty Alexander & Ernest Ranglin - Untitled (aka Just Friends) (2014),Monty Alexander - Ernest Ranglin,10,COMPLETE,
Monty Alexander - Ernest Ranglin,Ernest Ranglin/Album/1981 - Monty Alexander & Ernest Ranglin - Untitled (aka Just Friends) (2014),Monty Alexander - Ernest Ranglin,10,COMPLETE,
Monty Alexander - Ernest Ranglin,"Monty Alexander/Album/1986 - To Nat, With Love",Monty Alexander,9,MISSING_TRACKS,
Moon Face: Bootlegs and Road Recordings 2006-2009,Ezra Furman/Album/2009 - Moon Face (ft. The Harpoons),Moon Face: Bootlegs and Road Recordings 2006-2009,11,COMPLETE,
Moon Face: Bootlegs and Road Recordings 2006-2009,Ezra Furman/Live/2012 - Daytrotter Session 2012-04-03 (ft. The Harpoons),Daytrotter Studio  4/3/2012,5,MISSING_TRACKS,
More Sex & Soul,Roy C. Hammond/Album/1973 - Sex And Soul,Sex And Soul,12,MISSING_TRACKS,
More Sex & Soul,Roy C. Hammond/Album/1977 - More Sex And More Soul,More Sex & Soul,10,MISSING_TRACKS,
More Sex & Soul,Roy C. Hammond/Album/1997 - More Sex & More Soul,More Sex & Soul,14,COMPLETE,
Mr. “Personality”,Lloyd Price/Album/1959 - Mr. Personality,"Mr. ""Personality""",12,COMPLETE,
Mr. “Personality”,Lloyd Price/Album/2009 - 20 Great Oldies,Mr Personality,20,EXTRA_TRACKS,
Mr. “Personality”,Lloyd Price/Album/2020 - Let's Spend an Evening with Lloyd Price,"Mr. ""Personality""",12,COMPLETE,
Mr. “Personality”,Lloyd Price/Album/2021 - I'm Gonna Get Married,"Mr. ""Personality""",12,COMPLETE,
Mr. “Personality”,Lloyd Price/Album/2022 - Dinner for One,"Mr. ""Personality""",11,MISSING_TRACKS,
Mr. “Personality”,Lloyd Price/Album/2023 - Once In A While,"Mr. ""Personality""",11,MISSING_TRACKS,
Music for Crying,Kramer/Album/1993 - Egomaniacs,Music For Crying,14,MISSING_TRACKS,
Music for Crying,Kramer/Compilation/1995 - Music for Crying,Music for Crying,19,COMPLETE,
Music for Smiles,Worm Suicide/Album/2015 - Hooligans And Heathens,Hooligans And Heathens: The Best Of Worm Suicide & The Devil Club,19,EXTRA_TRACKS,
Music for Smiles,Worm Suicide/EP/2015 - Daughter (EP),Daughter (EP),5,MISSING_TRACKS,
Music for Smiles,Worm Suicide/EP/2019 - The Mess At The Fest (Live At Davefest 4) (EP),The Mess At The Fest (Live At Davefest 4) (EP),7,MISSING_TRACKS,
Music for Smiles,Worm Suicide/EP/2020 - The Rise Of Worm Suicide (Live And Sexually Charged) (EP),The Rise Of Worm Suicide (Live And Sexually Charged) EP,7,MISSING_TRACKS,
Music for Violin & Jazz Quartet,"Michal Urbaniak/Album/1975 - Live At The Village Fate, NU",Jazz Legends,8,MISSING_TRACKS,
Music for Violin & Jazz Quartet,Michal Urbaniak/Album/2006 - Jazz Legends 1,Music for Violin & Jazz Quartet,8,COMPLETE,
Nasty Habits & Dirty Little Secrets,Coyote Kings/Album/2013 - Nasty Habits & Dirty Little Secrets,Nasty Habits & Dirty Little Secrets,11,COMPLETE,
Nasty Habits & Dirty Little Secrets,Coyote Kings/Album/2023 - Hot Mess,Hot Mess,10,MISSING_TRACKS,
New Year's Day,The Bacon Brothers/Album/2009 - New Years Day,New Year's Day,11,COMPLETE,
New Year's Day,The Bacon Brothers/Live/2009 - Live From Daryl's House,Live From Daryl's House,8,MISSING_TRACKS,
No Certain Night or Morning,Home Video/Album/2006 - No Certain Night or Morning,No Certain Night or Morning,10,COMPLETE,
No Certain Night or Morning,Home Video/EP/2008 - Live Session EP,Live Session EP,5,MISSING_TRACKS,
No Compromise,Mick Clarke/Album/1993 - No Compromise,No Compromise,12,COMPLETE,
No Compromise,Mick Clarke/Album/2021 - The Country Rockin' Record,The Country Rockin' Record,12,MISSING_TRACKS,
No More Manifests,Freaky Mind/Album/2011 - No More Manifests,No More Manifests,10,COMPLETE,
No More Manifests,Freaky Mind/EP/2011 - Space Is Dead,Space Is Dead,3,MISSING_TRACKS,
NonAnthropogenic,V-28/Album/2003 - NonAnthropogenic,NonAnthropogenic,10,COMPLETE,
NonAnthropogenic,V-28/Album/2003 - Promotion CD 2003,Promotion CD 2003,3,MISSING_TRACKS,
North‐West Slam‐Fest,Ingested/EP/2006 - Holy Butchery (EP),Holy Butchery,6,MISSING_TRACKS,
North‐West Slam‐Fest,Ingested/EP/2007 - North-West Slam Fest (3 Way Split),North-West Slam-Fest,15,COMPLETE,
no song without you,Honne/Album/2020 - no song without you,no song without you,14,COMPLETE,
no song without you,Honne/EP/2020 - nswy_ dream edits,NSWY : Dream Edits,7,MISSING_TRACKS,
No Vacation From the World,Useless ID/Album/2003 - No Vacation From The World,No Vacation From the World,15,COMPLETE,
No Vacation From the World,Useless ID/EP/2002 - Split Useless ID & Man Alive,Work In Progress,4,MISSING_TRACKS,
Novo millennium,Jair Rodrigues/Album/1971 - É Isso Aí,É Isso Aí...,12,MISSING_TRACKS,
Novo millennium,Jair Rodrigues/Album/1985 - Sambas de Enrêdo Nota 10,Sambas De Enredo Nota 10!,11,MISSING_TRACKS,
"Now, Forager",Chris Brokaw/Album/2009 - VDSQ Solo Acoustic Volume 3,VDSQ - Solo Acoustic Volume Three,12,MISSING_TRACKS,
"Now, Forager","Chris Brokaw/Album/2014 - Now, Forager (Original Motion Picture Soundtrack)","Now, Forager",22,COMPLETE,
Oblique Parallax,Sun Ra/Album/1982 - Oblique Parallax (rec in 1980),Oblique Parallax,3,MISSING_TRACKS,
Oblique Parallax,Sun Ra/Album/2012 - Art Yard In A Box 7 CD/Disc 4 - Beyond The Purple Star Zone + Oblique Parallax (rec in 1980),Art Yard in a Box,9,EXTRA_TRACKS,
One Of These Days,Sophia Scott/Album/2022 - One Of These Days (Sad Piano Version) Single,One Of These Days (Sad Piano Version) Single,2,MISSING_TRACKS,
One Of These Days,Sophia Scott/EP/2022 - One Of These Days EP,One Of These Days,6,COMPLETE,
One Of These Days,Sophia Scott/EP/2022 - Peace In The Chaos EP,Peace In The Chaos,3,MISSING_TRACKS,
O Nordeste na voz de Luiz Gonzaga,Luiz Gonzaga/Album/1955 - O Nordeste Na Voz De Luiz Gonzaga,A história do Nordeste,12,COMPLETE,
O Nordeste na voz de Luiz Gonzaga,Luiz Gonzaga/Album/2019 - A Silver Cup,A história do Nordeste,12,COMPLETE,
O Nordeste na voz de Luiz Gonzaga,Luiz Gonzaga/Album/2019 - Holy Christmas Voices,A história do Nordeste,12,COMPLETE,
O Nordeste na voz de Luiz Gonzaga,Luiz Gonzaga/Album/2019 - Two Birds,A história do Nordeste,12,COMPLETE,
O Nordeste na voz de Luiz Gonzaga,Luiz Gonzaga/Album/2020 - A Happy Easter,A história do Nordeste,12,COMPLETE,
O Nordeste na voz de Luiz Gonzaga,Luiz Gonzaga/Album/2020 - Back To Black And White,A história do Nordeste,12,COMPLETE,
O Nordeste na voz de Luiz Gonzaga,Luiz Gonzaga/Album/2020 - Carnival King,A história do Nordeste,12,COMPLETE,
O Nordeste na voz de Luiz Gonzaga,Luiz Gonzaga/Album/2020 - Diamonds Club,A história do Nordeste,12,COMPLETE,
O Nordeste na voz de Luiz Gonzaga,Luiz Gonzaga/Album/2020 - Guitar Town Music,A história do Nordeste,12,COMPLETE,
O Nordeste na voz de Luiz Gonzaga,Luiz Gonzaga/Album/2020 - Radio Live in the 1940's,Radio Live in the 1940's,9,MISSING_TRACKS,
O Nordeste na voz de Luiz Gonzaga,Luiz Gonzaga/Album/2020 - Sleepless Love,A história do Nordeste,12,COMPLETE,
O Nordeste na voz de Luiz Gonzaga,Luiz Gonzaga/Album/2020 - Sleepless Times,A história do Nordeste,12,COMPLETE,
O Nordeste na voz de Luiz Gonzaga,Luiz Gonzaga/Album/2021 - A Funny Couple,A história do Nordeste,12,COMPLETE,
O Nordeste na voz de Luiz Gonzaga,Luiz Gonzaga/Album/2021 - Big Rock,A história do Nordeste,12,COMPLETE,
O Nordeste na voz de Luiz Gonzaga,Luiz Gonzaga/Album/2021 - Cherry,A história do Nordeste,12,COMPLETE,
O Nordeste na voz de Luiz Gonzaga,Luiz Gonzaga/Album/2021 - Christmas In The Old Home,A história do Nordeste,12,COMPLETE,
O Nordeste na voz de Luiz Gonzaga,Luiz Gonzaga/Album/2021 - Day Dawn,A história do Nordeste,12,COMPLETE,
O Nordeste na voz de Luiz Gonzaga,Luiz Gonzaga/Album/2021 - Good Morning,A história do Nordeste,12,COMPLETE,
O Nordeste na voz de Luiz Gonzaga,Luiz Gonzaga/Album/2021 - My Car Sounds,A história do Nordeste,12,COMPLETE,
O Nordeste na voz de Luiz Gonzaga,Luiz Gonzaga/Album/2021 - Resting on the Beach,A história do Nordeste,12,COMPLETE,
O Nordeste na voz de Luiz Gonzaga,Luiz Gonzaga/Album/2021 - Stole,A história do Nordeste,12,COMPLETE,
O Nordeste na voz de Luiz Gonzaga,Luiz Gonzaga/Album/2022 - Arrows in the Gale,A história do Nordeste,12,COMPLETE,
O Nordeste na voz de Luiz Gonzaga,Luiz Gonzaga/Album/2022 - Boy Wanted,A história do Nordeste,12,COMPLETE,
O Nordeste na voz de Luiz Gonzaga,Luiz Gonzaga/Album/2022 - Traditions,A história do Nordeste,12,COMPLETE,
O Nordeste na voz de Luiz Gonzaga,Luiz Gonzaga/Album/2022 - Winter Dreams,A história do Nordeste,12,COMPLETE,
O Nordeste na voz de Luiz Gonzaga,Luiz Gonzaga/Album/2023 - A Message,A história do Nordeste,12,COMPLETE,
O Nordeste na voz de Luiz Gonzaga,Luiz Gonzaga/Album/2023 - A Prairie Windstorm,A história do Nordeste,12,COMPLETE,
O Nordeste na voz de Luiz Gonzaga,Luiz Gonzaga/Album/2023 - Icetea,A história do Nordeste,12,COMPLETE,
O Nordeste na voz de Luiz Gonzaga,Luiz Gonzaga/Album/2023 - Just at the Turn of the Tide,A história do Nordeste,12,COMPLETE,
On the Strength of All Convinced,Daphne Loves Derby/Album/2005 - On The Strength Of All Convinced (Japanese Edition),On the Strength of All Convinced,14,EXTRA_TRACKS,
On the Strength of All Convinced,Daphne Loves Derby/Compilation/2022 - On the Strength of All B-Sides,On The Strength Of All Convinced,7,MISSING_TRACKS,
Our Side of Their Story,Federale/EP/2022 - Blood Moon (EP),Blood Moon,2,MISSING_TRACKS,
Our Side of Their Story,Federale/EP/2022 - Our Side of Their Story (EP),Our Side of Their Story,5,COMPLETE,
Out of the Blue,Simon Phillips/Album/2001 - Out Of The Blue,Out of the Blue,10,COMPLETE,
Out of the Blue,Simon Phillips/Album/2014 - Out Of The Blue,Out Of The Blue,10,MISSING_TRACKS,
Out of the Darkness,Jack Starr/Album/1984 - Out of the Darkness (feat. Rhett Forrester) [2013 Remastered & Expanded],Out of the Darkness (Remastered Expanded) [feat. Rhett Forrester],16,COMPLETE,
Out of the Darkness,Jack Starr/Compilation/2018 - Instrumental Anthology (Compilation),A Minor Disturbance,9,MISSING_TRACKS,
Over,Platon & Joolay/Album/2019 - Over,Over,3,COMPLETE,
Over,"Platon & Joolay/Album/2021 - Over, Last (Alexander Pierce Remixes)","Over, Last (Alexander Pierce Remixes)",3,MISSING_TRACKS,
Pablo Alborán,Pablo Alborán/Album/2011 - Pablo Alborán (Edición especial),Pablo Alborán,15,COMPLETE,
Pablo Alborán,Pablo Alborán/EP/2015 - Inséparables (Deezer Session),TEЯRAL,3,MISSING_TRACKS,
Pagan Church,John Craigie/Album/2024 - Pagan Church,Pagan Church,11,COMPLETE,
Pagan Church,John Craigie/EP/2023 - Good To You (feat. TK & The Holy Know-Nothings) (EP),Good To You,2,MISSING_TRACKS,
Pagan Church,John Craigie/EP/2023 - Where It's From (feat. TK & The Holy Know-Nothings) (EP),Pagan Church,2,MISSING_TRACKS,
Pagan Church,John Craigie/EP/2023 - While I'm Down (feat. TK & The Holy Know-Nothings) (EP),Pagan Church,2,MISSING_TRACKS,
Page,"Page/Album/1985 - Live Different Places 83-85 (MC, Live)",Live Different Places 83-85,16,MISSING_TRACKS,
Page,"Page/Album/1986 - Som Skjuten Ur En Kanon (LP, 7'')",Page,2,MISSING_TRACKS,
Page,"Page/Album/1987 - Blå Fötter - Sorg Flyg Bort (LP, 7'')",Blå Fötter / Sorg Flyg Bort,2,MISSING_TRACKS,
Page,"Page/Album/1992 - Page (CD, Compilation)",Page,17,COMPLETE,
Paid tha Cost to Be da Bo$$,Snoop Dogg/Album/2002 - Paid Tha Cost To Be Da Bo$$,Paid tha Cost to Be da Bo$$,20,COMPLETE,
Paid tha Cost to Be da Bo$$,Snoop Dogg/Album/2003 - Bigg Snoop Dogg - Raw n Uncut Vol. 1 (OST),Raw N Uncut Vol. 1,16,MISSING_TRACKS,
Pale Rider,The Hitman Blues Band/Album/2008 - Pale Rider,Pale Rider,12,COMPLETE,
Pale Rider,"The Hitman Blues Band/Album/2023 - Hey, Can You Guys Play",Hey Can You Guys Play…,10,MISSING_TRACKS,
Papriko,Dragibus/Album/1999 - Papriko,Papriko,25,COMPLETE,
Papriko,"Dragibus/Live/2004 - Cité de la Musique, 2004.02.25",Cité De La Musique,17,MISSING_TRACKS,
Paradise Found,Jamie McLean Band/Album/2022 - Paradise Found,Paradise Found,10,COMPLETE,
Paradise Found,Jamie McLean Band/EP/2023 - Live at The Bitter End,Live at The Bitter End,8,MISSING_TRACKS,
parallel park,Tacica/Album/2007 - Human Orchestra,Human Orchestra,5,MISSING_TRACKS,
parallel park,Tacica/Album/2008 - Parallel Park,parallel park,10,COMPLETE,
Party Never Ends,Inna/Album/2013 - Party Never Ends,Party Never Ends,16,COMPLETE,
Party Never Ends,Inna/Compilation/2013 - Party Never Ends (Ok Edition),Party Never Ends,48,EXTRA_TRACKS,
Party Never Ends,Inna/Compilation/2015 - The Romantic Collection,The Romantic Collection,16,MISSING_TRACKS,
Passage,Samael/Album/1996 - Passage [Limited Edition],Passage,11,COMPLETE,
Passage,Samael/Compilation/2010 - A Decade In Hell [Limited Edition]/CD 5 - Passage,A Decade in Hell,11,MISSING_TRACKS,
Pathways,Arise Roots/Album/2020 - Pathways,Pathways,15,COMPLETE,
Pathways,Arise Roots/EP/2022 - Live at Sugarshack Sessions (EP),Live at Sugarshack Sessions (EP),5,MISSING_TRACKS,
People’s Tomb,The Dead President/Album/2017 - The Dead President & Группа Аркадий Коц - Народная могила,Народная могила,6,MISSING_TRACKS,
People’s Tomb,The Dead President/Album/2018 - Наша сцена,Наша Сцена / Our Scene,3,MISSING_TRACKS,
Petrafied: The Best of Petra,Petra/Album/1991 - Petrafied!,Petrafied: The Best of Petra,15,COMPLETE,
Petrafied: The Best of Petra,Petra/Album/2014 - The Best Of Petra,The Best Of Petra,10,MISSING_TRACKS,
"Piano Solos/Teddy Wilson, Edmond Hall Quartet With Teddy Wilson",Teddy Wilson/Album/2000 - My Blue Heaven,My Blue Heaven,15,MISSING_TRACKS,
"Piano Solos/Teddy Wilson, Edmond Hall Quartet With Teddy Wilson",Teddy Wilson/Album/2000 - The Complete School For Pianists,The Complete School For Pianists,15,MISSING_TRACKS,
Pictures of the Floating World,I am Oak/EP/2014 - Black Oak,Black Oak,6,MISSING_TRACKS,
Pictures of the Floating World,I am Oak/EP/2017 - Pictures of the Floating World,Pictures of the Floating World,8,COMPLETE,
Planted Seeds,"Estee Nack/Album/2019 - EL Maryacho, Estee Nack & Nowaah the Flood - Planted Seeds",Planted Seeds,10,COMPLETE,
Planted Seeds,Estee Nack/EP/2019 - Burnt Offerings,Burnt Offerings,7,MISSING_TRACKS,
Plays Tenor,Bud Shank/Album/1956 - Bud Shank - Bud Shank Plays Tenor,Plays Tenor,8,COMPLETE,
Plays Tenor,"Bud Shank/Album/1985 - Bud Shank, Manny Albam, Vic Lewis - Plays and The Royal Philharmonic Orchestra",Plays,3,MISSING_TRACKS,
Pony Pony Run Run,Pony Pony Run Run/Album/2012 - Pony Pony Run Run,Pony Pony Run Run,12,COMPLETE,
Pony Pony Run Run,Pony Pony Run Run/EP/2012 - Unreleased (EP),Unreleased,6,MISSING_TRACKS,
Pop Trip,Pogo Pops/Album/1992 - Pop Trip,Pop Trip,15,COMPLETE,
Pop Trip,Pogo Pops/Album/1992 - Pop Trip (2015 Remaster),Pop Trip,15,COMPLETE,
Pop Trip,Pogo Pops/EP/1989 - _2009 - Doomsville Boys EP,Doomsville Boys EP,6,MISSING_TRACKS,
Postcards from the Asylum,Jason Bieler And The Baron Von Bielski Orchestra/Album/2023 - Postcards From The Asylum,Postcards from the Asylum,15,COMPLETE,
Postcards from the Asylum,Jason Bieler And The Baron Von Bielski Orchestra/Album/2025 - Voces Silenciate - A Von Bielski Recalibration,The Escapologist,12,MISSING_TRACKS,
Präteritum,"May-Fly/Album/2018 - Verrat, Hass, Lügen Und Sehnsucht","Verrat,Hass,Lügen und Sehnsucht",9,MISSING_TRACKS,
Präteritum,May-Fly/Album/2019 - Präteritum,Präteritum,13,COMPLETE,
Previously Unavailable on Compact Disc,Cylob/Album/1998 - Previously Unavailable On Compact Disc,Previously Unavailable on Compact Disc,13,COMPLETE,
Previously Unavailable on Compact Disc,Cylob/EP/1993 - Industrial Folk Songs,Industrial Folk Songs,6,MISSING_TRACKS,
Primeiras Gravações Instrumental,Luiz Gonzaga/Album/2018 - Instrumental (1943),Primeiras Gravações Instrumental,8,MISSING_TRACKS,
Primeiras Gravações Instrumental,Luiz Gonzaga/Album/2018 - Instrumental (1944),Instrumental (1944),14,MISSING_TRACKS,
Primeiras Gravações Instrumental,Luiz Gonzaga/Album/2020 - Primeiras Gravações Instrumental,Primeiras Gravações Instrumental,14,COMPLETE,
Prodigal Son,Martin Simpson/Album/1976 - Golden Vanity,Golden Vanity,11,MISSING_TRACKS,
Prodigal Son,Martin Simpson/Album/2007 - Prodigal Son,Prodigal Son,15,COMPLETE,
Punch Demos,Autoheart/Album/2014 - DEMOS,Demos,10,MISSING_TRACKS,
Punch Demos,Autoheart/Album/2024 - Punch Demos,Punch Demos,17,COMPLETE,
Quantum Bands,King Kashmere/Album/2022 - King Kashmere & Eahwee - QUANTUM BANDS,Quantum Bands,12,COMPLETE,
Quantum Bands,King Kashmere/Album/2022 - Push Start (Instrumentals),Push Start (Instrumentals),8,MISSING_TRACKS,
Quarantine Collaborations,Late Night Savior/Album/2021 - From Ruins,From Ruins,11,MISSING_TRACKS,
Quarantine Collaborations,The Veer Union/Compilation/2021 - Quarantine Collaborations,Quarantine Collaborations,15,COMPLETE,
Queen of the Night,Depraved Entity/Album/2020 - Queen Of The Night,Queen of the Night,11,COMPLETE,
Queen of the Night,Depraved Entity/Album/2022 - Live In Hagen,Queen Of The Night,11,MISSING_TRACKS,
Quest For Blood,Hooveriii/Album/2024 - Quest For Blood,Quest For Blood,14,COMPLETE,
Quest For Blood,Hooveriii/EP/2014 - Livation KXLU 88.9fm,Livation KXLU 88.9fm,6,MISSING_TRACKS,
Rage and Revenge,Revenge/Album/2007 - Rage And Revenge [Reissue 2012],Rage and Revenge,15,EXTRA_TRACKS,
Rage and Revenge,Revenge/Album/2013 - Speed Metal Sentence [Split],Rage and Revenge,8,MISSING_TRACKS,
Rage and Revenge,Revenge/EP/2008 - Bang Your Head (EP),Bang Your Head,6,MISSING_TRACKS,
Ragnarök,GWAR/Album/1995 - Ragnarök,Ragnarök,14,COMPLETE,
Ragnarök,GWAR/Album/1997 - Rendezvous With Ragnarök,Rendezvous With Ragnarok,13,MISSING_TRACKS,
Rainbow 'Round My Shoulder,Al Jolson/Album/1995 - Rainbow 'Round My Shoulder,Rainbow 'Round My Shoulder,12,COMPLETE,
Rainbow 'Round My Shoulder,Al Jolson/Album/2000 - The Singing Fool Original Soundtrack Recording,Al Jolson In The Singing Fool,9,MISSING_TRACKS,
Rapture,Unchain/Album/2008 - Rapture,Rapture,14,COMPLETE,
Rapture,Unchain/Compilation/2010 - The Early Years CD1 - The Space Of The Sense +1,The Space Of The Sense,7,MISSING_TRACKS,
"RAW BUSINESS, Vol. 2",Triplebeatscale/Album/2020 - TRIPLEBEATSCALE - Raw Business,RAW BUSINESS,10,MISSING_TRACKS,
"RAW BUSINESS, Vol. 2","Triplebeatscale/Album/2021 - TRIPLEBEATSCALE - RAW BUSINESS, Vol. 2","RAW BUSINESS, Vol. 2",12,COMPLETE,
Raw Sh!t,Bisk/EP/2016 - Figaro3000,Figaro3000,7,MISSING_TRACKS,
Raw Sh!t,Bisk/EP/2016 - Raw Sh!t,Raw Sh!t,8,COMPLETE,
Rdio Sessions,Silva/EP/2015 - Ocean View Remixes,Ocean View Remixes,5,MISSING_TRACKS,
Rdio Sessions,Silva/EP/2015 - Rdio Sessions,Rdio Sessions,5,COMPLETE,
Recollections,Kenny Drew/Album/1978 - Kenny Drew Trio - Les Parapluies De Cherbourg,Les Parapluies De Cherbourg,10,MISSING_TRACKS,
Recollections,Kenny Drew/Album/2003 - Recollections,Recollections,11,COMPLETE,
Reel to Real,Arthur Lee and Love/Album/1974 - Reel To Real/2015 - Reel To Real,Reel To Real,23,MISSING_TRACKS,
Reel to Real,LOVE/Album/2015 - Reel to Real (Deluxe Version),Reel to Real,23,COMPLETE,
Reframed,Metroland/Album/2018 - Reframed,Reframed,3,COMPLETE,
Reframed,Metroland/Album/2019 - Shades Of Pale,The Key To Metroland,3,MISSING_TRACKS,
Relentless Boogie - the Album,Mick Clarke/Album/2021 - Relentless Boogie - The Album,Relentless Boogie - the Album,13,COMPLETE,
Relentless Boogie - the Album,Mick Clarke/Album/2021 - The Instrumentals 3,The Instrumentals 3,16,EXTRA_TRACKS,
Relentless Boogie - the Album,Mick Clarke/Compilation/2021 - Crazy Arms (Compilation),Crazy Arms (Compilation),15,EXTRA_TRACKS,
Relentless Boogie - the Album,Mick Clarke/EP/2021 - Relentless Boogie Pt. 1 (EP),Relentless Boogie - the Album,5,MISSING_TRACKS,
Relentless Boogie - the Album,Mick Clarke/EP/2021 - Relentless Boogie Pt. 2 (EP),Relentless Boogie - the Album,6,MISSING_TRACKS,
Relentless Boogie - the Album,Mick Clarke/EP/2021 - Relentless Boogie Pt. 3 (EP),Relentless Boogie - the Album,5,MISSING_TRACKS,
Remember: A Tribute to Wes Montgomery,Pat Martino/Album/2006 - Remember,Remember: A Tribute to Wes Montgomery,10,COMPLETE,
Remember: A Tribute to Wes Montgomery,Pat Martino/Album/2006 - Remember - Tribute To Wes Montgomery,Remember -Tribute To Wes Montgomery,10,MISSING_TRACKS,
Response,The Spitfires/Album/2015 - Response,Response,13,COMPLETE,
Response,The Spitfires/EP/2019 - Live (EP),Live EP,5,MISSING_TRACKS,
Re;takes,he/Album/2013 - ReTakes,Re;takes,9,COMPLETE,
Re;takes,he/EP/2012 - Squares,Squares,3,MISSING_TRACKS,
Retromoderno,Red Industrie/Album/2023 - Retromoderno (Deluxe Expanded Edition),Retromoderno,26,COMPLETE,
Retromoderno,Red Industrie/EP/2023 - Control (Extended Play) (EP),Control (Extended Play) (EP),7,MISSING_TRACKS,
Re-Werk,Hedone/Album/1995 - Re-Werk,Re-Werk,6,COMPLETE,
Re-Werk,Hedone/Album/2007 - G.O.D. 2007,G.O.D. 2007,4,MISSING_TRACKS,
Rewired: Verses of Destruction and Other Atrocities in the Mind of a Freakenstein,Darkc3ll/Album/2016 - [Rewired],Rewired: Verses of Destruction and Other Atrocities in the Mind of a Freakenstein,11,COMPLETE,
Rewired: Verses of Destruction and Other Atrocities in the Mind of a Freakenstein,Darkc3ll/EP/2015 - Devolve Destroy (EP),Devolve Destroy,5,MISSING_TRACKS,
Ricochet,Bay City Rollers/Album/1981 - Ricochet,Ricochet,11,MISSING_TRACKS,
Ricochet,Bay City Rollers/Compilation/1982 - Burning Rubber,Burning Rubber,10,MISSING_TRACKS,
Ride,Orleans/Album/1996 - Ride,Ride,13,COMPLETE,
Ride,Orleans/Album/2005 - Dancin' In The Moonlight,Dancin' In The Moonlight,13,MISSING_TRACKS,
Rise Up,Commodores/Compilation/1993 - Rise Up,Keep On Dancing,9,COMPLETE,
Rise Up,The Commodores/Album/2010 - Keep On Dancing,Keep On Dancing,9,COMPLETE,
Rise Up,The Commodores/Album/2011 - Rise Up,Rise Up,7,MISSING_TRACKS,
Rise Up,The Commodores/Album/2011 - Soul Masters,Keep On Dancing,9,COMPLETE,
Rise Up,The Commodores/Album/2011 - Timeless Funk_ The Commodores,Keep On Dancing,9,COMPLETE,
Rise Up,The Commodores/Album/2012 - The Commodores - Motown Soul Legends,Keep On Dancing,9,COMPLETE,
Rock ’n’ Roll Country Gal,Skeeter Davis/Album/1982 - Live Wire,Rock 'n' Roll Country Gal,10,MISSING_TRACKS,
Rock ’n’ Roll Country Gal,Skeeter Davis/Album/1983 - Heart Strings,Heart Strings,8,MISSING_TRACKS,
Romântico,Marante/Album/1993 - Isso Não Se Faz Ao Coração,Isso Não Se Faz Ao Coração,10,MISSING_TRACKS,
Romântico,Marante/Album/2008 - Colecção Romântica,Romântico,14,MISSING_TRACKS,
Romântico,Marante/Album/2009 - Colecção Platina,Romântico,12,MISSING_TRACKS,
Romântico,Marante/Album/2013 - Colecção Platina,Romântico,12,MISSING_TRACKS,
Romântico,Marante/Album/2013 - E Muito Mais,E Muito Mais,12,MISSING_TRACKS,
Romântico,Marante/Album/2013 - Essencial,Romântico,17,EXTRA_TRACKS,
Romântico,Marante/Album/2013 - Romântico,Romântico,15,COMPLETE,
Romântico,Marante/Album/2024 - Perfil,Perfil,28,EXTRA_TRACKS,
Rub-A-Dub,Bim Sherman/Album/1987 - African Rubber Dub - Changing Dub,Changing Dub,10,MISSING_TRACKS,
Rub-A-Dub,Bim Sherman/Compilation/2000 - Rub-A-Dub,Rub-A-Dub,18,MISSING_TRACKS,
Russia,Stanley Black/Album/1968 - Stanley Black (Dir. London Festival Orchestra) BILDER AUS RUSSLAND (LPrip)/Сторона 1,BILDER AUS RUSSLAND LP-RIP,5,MISSING_TRACKS,
Russia,Stanley Black/Album/1970 - Russia,Russia!,9,COMPLETE,
Sabiá Marrom: O samba raro de Alcione,Alcion/Compilation/2011 - Sabiá Marrom O Samba Raro de Alcione,Sabiá Marrom: O Samba Raro de Alcione,20,MISSING_TRACKS,
Sabiá Marrom: O samba raro de Alcione,Alcione/Album/2011 - Sabiá Marrom - O Samba Raro de Alcione,Sabiá Marrom: O samba raro de Alcione,20,COMPLETE,
"Same Language, Different Worlds","Tim Burgess/Album/2016 - Same Language, Different Worlds","Same Language, Different Worlds",9,COMPLETE,
"Same Language, Different Worlds",Tim Burgess/EP/2017 - Around (Remixes),Around,5,MISSING_TRACKS,
Satin Doll,"Stephane Grappelli/Album/1990 - Satin Doll (Eddy Louiss, Kenny Clarke, Marc Hemmeler, Jimmy Gourley, Guy Pedersen)",Satin Doll,17,COMPLETE,
Satin Doll,Stephane Grappelli/Album/1996 - Blue Skies (Eddy Louiss),Blue Skies,9,MISSING_TRACKS,
SAUVAGE,Aloïse Sauvage/Album/2022 - SAUVAGE,SAUVAGE,14,COMPLETE,
SAUVAGE,Aloïse Sauvage/Album/2023 - Club des étranges,Club des étranges,8,MISSING_TRACKS,
Scarlet Reverie (Reloaded),Despite Exile/EP/2011 - Scarlet Reverie,Scarlet Reverie,6,MISSING_TRACKS,
Scarlet Reverie (Reloaded),Despite Exile/EP/2021 - Scarlet Reverie (Reloaded),Scarlet Reverie (Reloaded),8,COMPLETE,
SDX,Saint DX/Album/2019 - SDX,SDX,9,COMPLETE,
SDX,Saint DX/EP/2017 - Regrets,SDX,2,MISSING_TRACKS,
SDX,Saint DX/EP/2018 - First Fantasy,First Fantasy,3,MISSING_TRACKS,
Secret Weapon,The Qualia/Album/2010 - Secret Weapon,Secret Weapon,12,COMPLETE,
Secret Weapon,The Qualia/EP/2010 - Station Wagons (EP),Station Wagons,5,MISSING_TRACKS,
Sedimente,Wojczech/Album/2005 - Sedimente,Sedimente,11,COMPLETE,
Sedimente,Wojczech/EP/2004 - Wojczech (EP),Wojczech,7,MISSING_TRACKS,
Seleção De Ouro - Sivuca,Sivuca/Album/1982 - Forro e Frevo Vol.2,Seleção De Ouro - Sivuca,10,MISSING_TRACKS,
Seleção De Ouro - Sivuca,Sivuca/Album/1984 - Forro e Frevo Vol. 4,Forró e Frevo - Vol. 4,10,MISSING_TRACKS,
Semi-Detached,Therapy/Album/1998 - Semi Detached,Semi-Detached,15,EXTRA_TRACKS,
Semi-Detached,Therapy/Compilation/2013 - The Gemil Box [Limited Edition]/CD 4 - Semi Detached,The Gemil Box,12,MISSING_TRACKS,
Short Works EP,Foxxy Dekay/Album/0000 - It was a dark and stormy night,It was a dark and stormy night,8,EXTRA_TRACKS,
Short Works EP,Foxxy Dekay/Album/2004 - My first shitty tracks,My first shitty tracks,3,MISSING_TRACKS,
Short Works EP,Foxxy Dekay/Album/2008 - 9756,9756,10,EXTRA_TRACKS,
Short Works EP,Foxxy Dekay/Album/2009 - Hyper Melancholic,Short Works EP,5,MISSING_TRACKS,
Short Works EP,Foxxy Dekay/EP/0000 - Short Works EP,Short Works EP,7,COMPLETE,
Should've Known Better,The Draymin/Album/2012 - Should've Known Better,Should've Known Better,13,MISSING_TRACKS,
Should've Known Better,The Draymin/EP/2009 - 2point1,2point1,5,MISSING_TRACKS,
Shout It Loud (Live),Sinach/Album/2012 - Shout It Loud,Shout It Loud (Live),11,COMPLETE,
Shout It Loud (Live),Sinach/Album/2013 - Sinach at Christmas,Sinach at Christmas,6,MISSING_TRACKS,
Shout It Loud (Live),Sinach/Album/2014 - The Name of Jesus_ Sinach Live in Concert,The Name of Jesus: Sinach Live in Concert,17,EXTRA_TRACKS,
Silence With Sound From Nature,Bandari/Album/1999 - Piano Paradise,Silence,10,MISSING_TRACKS,
Silence With Sound From Nature,Bandari/Album/1999 - Silence With Sound From Nature,The Silence Forest,14,MISSING_TRACKS,
Sinfonías de los bosques,Saurom/EP/2005 - Sinfonias de los Bosques (EP),Sinfonías de los bosques,9,COMPLETE,
Sinfonías de los bosques,Saurom/Remastered/2004 - Legado de Juglares (2006 Reissue) [2 CD]/CD 2 - Sinfonias de los Bosques,Legado de juglares,9,MISSING_TRACKS,
Singer Songwriter,John Haydock/Album/2022 - Ghost Road,Ghost Road,10,MISSING_TRACKS,
Singer Songwriter,John Haydock/Album/2022 - Singer Songwriter,Singer Songwriter,11,COMPLETE,
Sings Reggae's Greatest Hits,Dennis Brown/Album/2009 - Dennis Brown in Dub,Sings Reggae's Greatest Hits,12,MISSING_TRACKS,
Sings Reggae's Greatest Hits,Dennis Brown/Album/2012 - Dennis Brown Meets Barry Brown At Dub Station (Platinum Edition),Dennis Brown Meets Barry Brown At Dub Station (2012 Platinum Edition),17,MISSING_TRACKS,
Sings Reggae's Greatest Hits,Dennis Brown/Album/2014 - Dennis Brown in Dub,Sings Reggae's Greatest Hits,22,EXTRA_TRACKS,
Sings Reggae's Greatest Hits,Dennis Brown/Album/2017 - The Aggrovators present Dennis Brown Dubbed Up,The Aggrovators present: Dennis Brown Dubbed Up,18,MISSING_TRACKS,
Smile From the Streets You Hold,John Frusciante/Album/1997 - Smile From The Streets You Hold,Smile From the Streets You Hold,17,COMPLETE,
Smile From the Streets You Hold,John Frusciante/Live/1997 - Live at Viper Room (Los Angeles 20.01.97),Live at Viper Room (Los Angeles 20.01.97) [bootleg],12,MISSING_TRACKS,
Smoke Fire Hope Desire,Harts/Album/2016 - Smoke Fire Hope Desire,Smoke Fire Hope Desire,14,COMPLETE,
Smoke Fire Hope Desire,Harts/Album/2018 - Live in Brisbane,Live in Brisbane,14,MISSING_TRACKS,
Smokin',Smokey Robinson/Album/1978 - Smokin',Smokin',20,COMPLETE,
Smokin',Smokey Robinson/Album/2013 - The Motown Years Live,The Motown Years Live,11,MISSING_TRACKS,
Solid Gold Guitar,Al Caiola/Album/1961 - The Magnificent Seven,The Magnificent Seven,12,MISSING_TRACKS,
Solid Gold Guitar,Al Caiola/Album/1962 - Solid Gold Guitar,Solid Gold Guitar,12,COMPLETE,
Something Happening,Paul Revere And The Raiders/Album/1968 - Something Happening,Something Happening,17,COMPLETE,
Something Happening,Paul Revere And The Raiders/Album/1970 - Paul Revere And The Raiders Featuring Mark Lindsay,Featuring Mark Lindsay,9,MISSING_TRACKS,
Something on High,Sivu/Album/2014 - Daytrotter Session,Something on High,5,MISSING_TRACKS,
Something on High,Sivu/Album/2014 - Something on High,Something on High,12,EXTRA_TRACKS,
Something on High,Sivu/EP/2014 - Miracle (Human Error) (EP),Miracle (Human Error),4,MISSING_TRACKS,
Somewhere Beneath These Southern Skies,The Dirty Guv'nahs/Album/2012 - Somewhere Beneath These Southern Skies,Somewhere Beneath These Southern Skies,14,COMPLETE,
Somewhere Beneath These Southern Skies,The Dirty Guv'nahs/Album/2013 - Live from Knoxville,Live from Knoxville,8,MISSING_TRACKS,
Somewhere But Yesterday,Citizen Cain/Album/1994 - Somewhere But Yesterday,Somewhere but Yesterday,5,COMPLETE,
Somewhere But Yesterday,Citizen Cain/Remastered/1994 - Somewhere But Yesterday (Remaster 2012 Festival Music),Somewhere But Yesterday,5,MISSING_TRACKS,
Songs for a Barbed Wire Fence,Dakota Suite/Album/1998 - Songs For A Barbed Wire Fence,Songs for a Barbed Wire Fence,14,COMPLETE,
Songs for a Barbed Wire Fence,Dakota Suite/EP/1997 - Transient Waves & Dakota Suite 7'' Split,"Transient Waves & Dakota Suite 7"" Split",2,MISSING_TRACKS,
S.O.S.,The S.O.S. Band/Album/1980 - S.O.S,S.O.S.,8,COMPLETE,
S.O.S.,The S.O.S. Band/Compilation/2014 - The Tabu Anthology [10CD Box Set]/CD01 - S.O.S,The Tabu Anthology,8,MISSING_TRACKS,
Sound In Light,Blasted Mechanism/Album/2007 - Sound In Light - Light In Sound/CD1 - Light in Sound,Sound in Light,10,MISSING_TRACKS,
Sound In Light,Blasted Mechanism/Album/2007 - Sound In Light - Light In Sound/CD2 - Sound In Light,Sound In Light,15,COMPLETE,
South West Stampede,The Winters Brothers Band/Album/1985 - Keep On Running,Keep On Running,5,MISSING_TRACKS,
South West Stampede,The Winters Brothers Band/Album/2004 - Southwest Stampede,South West Stampede,12,COMPLETE,
Speaks,Madam Radar/Album/2022 - Speaks,Speaks,10,COMPLETE,
Speaks,Madam Radar/EP/2023 - Madam Radar (Live at Sugarshack Sessions),Madam Radar (Live at Sugarshack Sessions),5,MISSING_TRACKS,
Spiritus,Chronos/Album/2014 - Spiritus,Spiritus,10,COMPLETE,
Spiritus,Chronos/EP/2010 - Vargan (EP),Vargan EP,3,MISSING_TRACKS,
Spliff Tail,Triston Palma/Album/1982 - Fancyness,Fancyness,8,MISSING_TRACKS,
Spliff Tail,Triston Palma/Album/1998 - Spliff Tales,Spliff Tail,20,EXTRA_TRACKS,
Stagger Lee,Lloyd Price/Album/1998 - Stagger Lee,Stagger Lee,15,MISSING_TRACKS,
Stagger Lee,Lloyd Price/Album/2000 - Mr Personality,"Mr. ""Personality""",12,MISSING_TRACKS,
Stagger Lee,Lloyd Price/Album/2019 - Personality,Stagger Lee,14,MISSING_TRACKS,
Starfall,Digby Jones/Album/2022 - Acoustic Ideas (2003 to 2022),Acoustic Ideas (2003 to 2022),15,MISSING_TRACKS,
Starfall,Digby Jones/Compilation/2015 - Starfall (Compilation),Starfall,15,COMPLETE,
Starship Bedroom,Rainbow Danger Club/Album/2012 - Austin (Live),Austin (Live),9,MISSING_TRACKS,
Starship Bedroom,Rainbow Danger Club/Album/2019 - Treehouse Empire,Starship Bedroom,11,MISSING_TRACKS,
Starship Bedroom,Rainbow Danger Club/Live/2012 - Austin (Live),Austin (Live),9,MISSING_TRACKS,
Steady Date With Tommy Sands,Tommy Sands/Album/2000 - Steady Date,Steady Date With Tommy Sands,11,MISSING_TRACKS,
Steady Date With Tommy Sands,Tommy Sands/Album/2006 - Rare Gems - Volume Two,Steady Date With Tommy Sands,14,MISSING_TRACKS,
Steady Date With Tommy Sands,Tommy Sands/Album/2008 - Too Young,Steady Date With Tommy Sands,11,MISSING_TRACKS,
Steady Date With Tommy Sands,Tommy Sands/Album/2012 - When I'm Thinking of You,When I'm Thinking Of You,11,MISSING_TRACKS,
Steady Date With Tommy Sands,Tommy Sands/Album/2013 - Too Young,Steady Date With Tommy Sands,11,MISSING_TRACKS,
Steady Date With Tommy Sands,Tommy Sands/Album/2015 - Teach Me Tonight,Steady Date With Tommy Sands,11,MISSING_TRACKS,
Steady Date With Tommy Sands,"Tommy Sands/Album/2020 - Les Idoles Du Rock 'N' Roll_ Tommy Sands, Vol. 1",Steady Date With Tommy Sands,24,EXTRA_TRACKS,
Steady Date With Tommy Sands,Tommy Sands/Album/2020 - Teen-Age Crush,Steady Date With Tommy Sands,18,COMPLETE,
Steady Date With Tommy Sands,Tommy Sands/Album/2020 - Tommy Sands - Sing Boy Sing (Steady Date 1957-1958),Steady Date With Tommy Sands,24,EXTRA_TRACKS,
Stolen Time Deluxe,Abigail Lapell/Album/2023 - Stolen Time Deluxe,Stolen Time,15,COMPLETE,
Stolen Time Deluxe,Abigail Lapell/EP/2022 - La cascade (EP),La cascade,2,MISSING_TRACKS,
Stranger on the Shore,Acker Bilk/Album/2011 - The Seven Ages Of Acker,Stranger on the Shore,11,MISSING_TRACKS,
Stranger on the Shore,Acker Bilk/Album/2022 - 20 Hits of Acker Bilk,Stranger on the Shore,20,MISSING_TRACKS,
Stranger on the Shore,"Acker Bilk/Album/2022 - Remastered Classics, Vol. 229_ Acker Bilk",Stranger on the Shore,65,EXTRA_TRACKS,
Stranger on the Shore,Acker Bilk/Album/2022 - Two of a Kind_ Acker Bilk & Frank Chacksfield,Stranger on the Shore,26,MISSING_TRACKS,
Stranger on the Shore,Acker Bilk/Album/2022 - Two of a Kind_ Acker Bilk & Sid Phillips,Stranger on the Shore,21,MISSING_TRACKS,
Stranger on the Shore,Acker Bilk/Album/2023 - 10 Hits of Acker Bilk,Stranger on the Shore,10,MISSING_TRACKS,
Stranger on the Shore,Acker Bilk/Album/2023 - 30 Hits of Acker Bilk,Stranger on the Shore,30,MISSING_TRACKS,
Stranger on the Shore,Acker Bilk/Album/2023 - 40 Hits of Acker Bilk,Stranger on the Shore,40,MISSING_TRACKS,
Stranger on the Shore,Acker Bilk/Album/2023 - 50 Hits of Acker Bilk,Stranger on the Shore,50,COMPLETE,
Stranger on the Shore,Acker Bilk/Album/2023 - Great Hits of Acker Bilk,Stranger on the Shore,15,MISSING_TRACKS,
Stranger on the Shore,Acker Bilk/Album/2023 - Hits of Acker Bilk,Stranger on the Shore,10,MISSING_TRACKS,
Stranger on the Shore,Acker Bilk/Album/2023 - Just Acker Bilk,Stranger on the Shore,15,MISSING_TRACKS,
Stranger on the Shore,Acker Bilk/Album/2023 - Stranger on the Shore,Stranger on the Shore,50,COMPLETE,
Stranger on the Shore,Acker Bilk/Album/2023 - This Town (Remastered 2014),Stranger on the Shore,15,MISSING_TRACKS,
Stranger on the Shore,Acker Bilk/EP/2001 - Stranger on the Shore,Stranger on the Shore,4,MISSING_TRACKS,
Stranger on the Shore,Acker Bilk/EP/2014 - Summer Set,Summer Set,4,MISSING_TRACKS,
Stranger on the Shore,Acker Bilk & His Paramount Jazz Band/Album/2023 - The Seven Ages of Acker,Stranger on the Shore,11,MISSING_TRACKS,
Stranger on the Shore,Chris Barber/Album/2022 - Two of a Kind_ Chris Barber & Acker Bilk,Stranger on the Shore,20,MISSING_TRACKS,
Stray Ashes,JBM/Album/2012 - Stray Ashes,Stray Ashes,10,COMPLETE,
Stray Ashes,JBM/Album/2012 - Stray Ashes at Isokon,Stray Ashes,10,COMPLETE,
Stray Ashes,JBM/Album/2012 - Winter Came As A Load - Daytrotter Studio 9-7-2012,Winter Came As A Load - Daytrotter Studio  9/7/2012,5,MISSING_TRACKS,
Stuck on an Island,iMayday!/Album/2010 - Stuck On An Island,Stuck on an Island,19,COMPLETE,
Stuck on an Island,iMayday!/Live/2009 - Live @ Transit Lounge,Live @ Transit Lounge,5,MISSING_TRACKS,
Study Guide,Freddie Joachim/Album/2009 - Study Guide [Limited Edition] (with Question),Study Guide,24,MISSING_TRACKS,
Study Guide,Freddie Joachim/Album/2010 - A.M,Mellow Orange & Organology Presents A​.​M.,7,MISSING_TRACKS,
Subtract,Beta Virus/Album/2020 - I Am Error,I Am Error,5,MISSING_TRACKS,
Subtract,Beta Virus/Album/2020 - Subtract,Subtract,6,COMPLETE,
Sunny Chillout Lounge,Oliver Scheffner/Album/2014 - Relax Lounge,Relax Lounge,10,MISSING_TRACKS,
Sunny Chillout Lounge,Oliver Scheffner/Album/2017 - Traum Vom Endlosen Himmel,Sunny Chillout Lounge,10,COMPLETE,
SUSTO,SUSTO/Album/2014 - SUSTO,SUSTO,11,COMPLETE,
SUSTO,SUSTO/Live/2016 - Daytrotter Session,Susto,5,MISSING_TRACKS,
Swamp riding,Plagues/Album/1998 - Plagues V,Plagues V,13,MISSING_TRACKS,
Swamp riding,Plagues/Compilation/2013 - Swamp riding,Swamp riding,16,COMPLETE,
Swords,Ralfe Band/Album/2005 - Swords (Deluxe Edition),Swords,19,EXTRA_TRACKS,
Swords,Ralfe Band/EP/2006 - Women of Japan (EP),Women Of Japan,6,MISSING_TRACKS,
Synaesthetic,Still Forever/Album/2021 - Synaesthetic,Synaesthetic,12,COMPLETE,
Synaesthetic,Still Forever/Live/2025 - Live at Goths On a Field 2024,Live at Goths On a Field 2024,8,MISSING_TRACKS,
Synthesizer Hits Vol. 3,M.A.S.S/Album/1991 - Synthesizer Hit's Volume 3,Mythosphere,14,COMPLETE,
Synthesizer Hits Vol. 3,Mythos/Live/1989 - Mythos Live in der Berliner Kongresshalle,Live,3,MISSING_TRACKS,
Take a Rest,Tora/Album/2017 - Take A Rest,Take a Rest,15,COMPLETE,
Take a Rest,Tora/EP/2018 - Take A Rest (Live),Take A Rest (Live),5,MISSING_TRACKS,
Take It as It Comes,Herman Rarebell/Album/2007 - I'm Back,Take It as It Comes,13,COMPLETE,
Take It as It Comes,Herman Rarebell/Album/2008 - Mein Leben Als Scorpion,Mein Leben Als Scorpion,6,MISSING_TRACKS,
Take It as It Comes,Herman Rarebell/Album/2010 - Take It As It Comes,Take It as It Comes,13,COMPLETE,
Teenage Hits & Rarities,Tommy Sands/Album/2000 - This Thing Called Love,This Thing Called Love / Sands At The Sands,12,MISSING_TRACKS,
Teenage Hits & Rarities,Tommy Sands/Album/2006 - Teenage Hits & Rarities,Teenage Hits & Rarities,33,COMPLETE,
Tek Weh Yuh Gal,Cocoa Tea/Album/2000 - 19/2004 - I Have Been Waiting,I Have Been Waiting,13,MISSING_TRACKS,
Tek Weh Yuh Gal,Cocoa Tea/Album/2000 - 19/2004 - Tek Weh Yuh Gal [v2],Tek Weh Yuh Gal,14,COMPLETE,
Tek Weh Yuh Gal,Cocoa Tea/Album/2004 - I Have Been Waiting,I Have Been Waiting,13,MISSING_TRACKS,
Tek Weh Yuh Gal,Cocoa Tea/Album/2004 - Tek Weh Yuh Gal,Tek Weh Yuh Gal,14,COMPLETE,
That’s My Cue: A Solo Experience,Matt Maeson/Album/2024 - That's My Cue_ A Solo Experience,That's My Cue: A Solo Experience,20,COMPLETE,
That’s My Cue: A Solo Experience,Matt Maeson/EP/2017 - Daytrotter Session,"Futureappletree (Rock Island, IL) 06/25/2016",5,MISSING_TRACKS,
The 25 Best Songs,Bill Haley/Album/2016 - The 25 Best Songs,The 25 Best Songs,25,COMPLETE,
The 25 Best Songs,Bill Haley/Compilation/2009 - _Serie All Stars Music_ Nº14 Exclusive Remastered From Original Vinyl First Edition (Vintage LPs),"""Serie All Stars Music"" Nº14 Exclusive Remastered From Original Vinyl First Edition (Vintage LPs)",16,MISSING_TRACKS,
The 25 Best Songs,Bill Haley/EP/2006 - Bill Haley's Shake Rattle and Roll,The 25 Best Songs,4,MISSING_TRACKS,
The Age of the Understatement,The Last Shadow Puppets/Album/2008 - The Age Of The Understatement [Japanese Edition],The Age of the Understatement,13,COMPLETE,
The Age of the Understatement,The Last Shadow Puppets/Live/2008 - Radio 1 Session,Radio 1 Session,7,MISSING_TRACKS,
The Amazing Eiji Kitamura - Eight Degrees North,Eiji Kitamura/Album/1978 - Song Folio/LP3 - Diane,Song Folio (Nancy. Linda. Diane),10,EXTRA_TRACKS,
The Amazing Eiji Kitamura - Eight Degrees North,Eiji Kitamura/Album/1980 - Eight Degrees North (with Kazuo Yashiro),The Amazing Eiji Kitamura - Eight Degrees North,6,MISSING_TRACKS,
The Art of Celebration,Rend Collective Experiment/Album/2014 - The Art of Celebration,The Art of Celebration,13,COMPLETE,
The Art of Celebration,Rend Collective Experiment/EP/2015 - Boldly I Approach (The Art of Celebration) [Audio Performance Trax],The Art of Celebration,5,MISSING_TRACKS,
The Art of Celebration,Rend Collective Experiment/EP/2015 - Joy [Audio Performance Trax],The Art of Celebration,5,MISSING_TRACKS,
The Art of Celebration,Rend Collective Experiment/EP/2015 - My Lighthouse [Audio Performance Trax],My Lighthouse [Audio Performance Trax],5,MISSING_TRACKS,
Theatre of Dreams,David Essex/Album/2001 - Wonderful,Wonderful,12,MISSING_TRACKS,
Theatre of Dreams,David Essex/Live/2001 - Theatre Of Dreams,Theatre of Dreams,17,COMPLETE,
The Best of Al Jolson,"Al Jolson/Album/2010 - Timeless Voices_ Al Jolson, Vol. 1",The Best of Al Jolson,16,MISSING_TRACKS,
The Best of Al Jolson,Al Jolson/Album/2014 - The Best Of,The Best Of Al Jolson,20,MISSING_TRACKS,
The Best of Al Jolson,Al Jolson/Album/2019 - _Jolie_,The Best of Al Jolson,12,MISSING_TRACKS,
The Best of Buck Owens,Buck Owens/Album/1964 - The Greatest Hits,The Best of Buck Owens,12,COMPLETE,
The Best of Buck Owens,Buck Owens/Album/2015 - Vintage Vinyl Collection - Buck Owens and Sonny James,The Southern Gentleman: The First Four Albums 1957-1959,24,EXTRA_TRACKS,
The Best of Buck Owens,Buck Owens/Album/2023 - 10 Hits of Buck Owens,The Best of Buck Owens,10,MISSING_TRACKS,
The Best of Dottie West,Dottie West/Compilation/1972 - the best of dottie west,The Best Of Dottie West,10,MISSING_TRACKS,
The Best of Dottie West,Dottie West/Compilation/1984 - the best of dottie west,The Best of Dottie West,10,MISSING_TRACKS,
The Best of The Stylistics,The Stylistics/Compilation/1975 - The Best Of The Stylistics,The Best Of The Stylistics,10,MISSING_TRACKS,
The Best of The Stylistics,The Stylistics/Compilation/1988 - The Best of The Stylistics,The Best Of The Stylistics,10,MISSING_TRACKS,
The Best of The Stylistics,The Stylistics/Compilation/1996 - The Best of The Stylistics,The Best of The Stylistics,18,COMPLETE,
The Chronicles of a Bohemian Teenager,Get Cape.Wear Cape.Fly/Album/2006 - The Chronicles of a Bohemian Teenager,The Chronicles of a Bohemian Teenager,12,COMPLETE,
The Chronicles of a Bohemian Teenager,"Get Cape.Wear Cape.Fly/EP/2006 - Get Cape. Wear Cape. Fly, dave house - split 10 inch",Get Cape. Wear Cape. Fly EP,4,MISSING_TRACKS,
The Chronological Classics: Artie Shaw and His Orchestra 1940-1941,Artie Shaw/Album/2009 - Complete Jazz Series 1940 - 1941,The Chronological Classics: Artie Shaw and His Orchestra 1940-1941,22,COMPLETE,
The Chronological Classics: Artie Shaw and His Orchestra 1940-1941,Artie Shaw And His Orchestra/EP/1955 - Vintage Dance Orchestras Nº9 - EPs Collectors _Concert For Clarinet_,"Vintage Dance Orchestras Nº9 - EPs Collectors ""Concert For Clarinet""",4,MISSING_TRACKS,
The Chronological Classics: Jelly-Roll Morton 1930-1939,Jelly Roll Morton/Album/1992 - Chronological Classics 1930-1939,The Chronological Classics: Jelly-Roll Morton 1930-1939,22,COMPLETE,
The Chronological Classics: Jelly-Roll Morton 1930-1939,Jelly Roll Morton/Album/2001 - Volume 9 1938 Complete Edition,Volume 9  1938,19,MISSING_TRACKS,
The Chronological Classics: Teddy Wilson and His Orchestra 1939,Teddy Wilson/Album/2000 - Two Good Men,Two Good Men,20,MISSING_TRACKS,
The Chronological Classics: Teddy Wilson and His Orchestra 1939,Teddy Wilson And His Orchestra/Album/2006 - Teddy Wilson and His Orchestra Selected Favorites Volume 2,The Chronological Classics: Teddy Wilson and His Orchestra 1939,16,MISSING_TRACKS,
The Chronological Classics: Teddy Wilson and His Orchestra 1939,"Teddy Wilson And His Orchestra/Album/2011 - Teddy Wilson and His Orchestra Selected Favorites, Vol. 2",The Chronological Classics: Teddy Wilson and His Orchestra 1939,16,MISSING_TRACKS,
The Chronological Classics: Teddy Wilson and His Orchestra 1939,"Teddy Wilson And His Orchestra/Album/2011 - Teddy Wilson and His Orchestra Selected Favorites, Vol. 9",The Chronological Classics: Teddy Wilson and His Orchestra 1939,16,MISSING_TRACKS,
The Complete Chess Masters - Plus,The Flamingos/Album/1959 - The Flamingos - The Flamingos,Complete Chess Masters,13,MISSING_TRACKS,
The Complete Chess Masters - Plus,The Flamingos/Album/2006 - The Flamingos,Complete Chess Masters,12,MISSING_TRACKS,
The Complete Chess Masters - Plus,The Flamingos/Album/2013 - Vocal Sensation,Vocal Sensation,19,MISSING_TRACKS,
"The Dark, Dark Bright","There will be Fireworks/Album/2013 - The Dark, Dark Bright","The Dark, Dark Bright",12,COMPLETE,
"The Dark, Dark Bright",There will be Fireworks/Album/2023 - Ash Wednesday,"Gold Day - The Songs Of Linkous, Smith And Chesnutt",2,MISSING_TRACKS,
The Demon Haunted World,Brighter Than a Thousand Suns/EP/2010 - The Demon Haunted World,The Demon Haunted World,4,COMPLETE,
The Demon Haunted World,Brighter Than a Thousand Suns/EP/2018 - Rebirth,Rebirth,4,MISSING_TRACKS,
The Dysentery Penance,Pestilence/Live/1987 - The Penance (Demo),Penance,4,MISSING_TRACKS,
The Dysentery Penance,Pestilence/Live/2015 - The Dysentery Penance (Compilation),The Dysentery Penance,9,MISSING_TRACKS,
The EP Collection,Petula Clark/EP/1967 - (EP),EP,4,MISSING_TRACKS,
The EP Collection,Petula Clark/EP/1990 - The EP Collection,The EP Collection,29,COMPLETE,
The Essential Porter Wagoner,Porter Wagoner/Album/1980 - s & 1990s/1986 - Porter Wagoner,Porter Wagoner,10,MISSING_TRACKS,
The Essential Porter Wagoner,Porter Wagoner/Album/1980 - s & 1990s/1997 - The Essential Porter Wagoner,The Essential Porter Wagoner,20,COMPLETE,
The Fallout,Ignite the Fire/Album/2021 - The Fallout,The Fallout,9,COMPLETE,
The Fallout,Ignite the Fire/EP/2022 - Remixes (EP),Remixes EP,5,MISSING_TRACKS,
The Final Chapter,VOORHEES/Album/2000 - Bookburner,The Final Chapter,6,MISSING_TRACKS,
The Final Chapter,VOORHEES/Album/2004 - Voorhees Vs Radio Alice,Voorhees / Radio Alice,8,MISSING_TRACKS,
The Final Chapter,VOORHEES/Album/2008 - The Final Chapter,The Final Chapter,21,COMPLETE,
the inevitability of withering reconceptualized,flyoversx/Album/2023 - the inevitability of withering,The Inevitability Of Withering,4,MISSING_TRACKS,
the inevitability of withering reconceptualized,flyoversx/Album/2024 - the inevitability of withering reconceptualized,the inevitability of withering reconceptualized,4,COMPLETE,
The Kingdom of Hope,Lyran Lions/Album/2023 - Cosmic Magic,Cosmic Magic,22,EXTRA_TRACKS,
The Kingdom of Hope,Lyran Lions/Album/2023 - Rise of the Lyran Empire,Rise of the Lyran Empire,11,MISSING_TRACKS,
The Long Way,The Coronas/Album/2014 - The Long Way,The Long Way,11,COMPLETE,
The Long Way,The Coronas/EP/2015 - How This Goes (EP),How This Goes EP,5,MISSING_TRACKS,
The Love Album,Acker Bilk/Album/1989 - The Love Album,The Love Album,16,COMPLETE,
The Love Album,Acker Bilk/Album/1997 - Unchained Melody,Unchained Melody,32,EXTRA_TRACKS,
The Love Album,Acker Bilk/Album/2011 - Themes for Dreams,Oscar Winners - 16 Hollywood Classics,12,MISSING_TRACKS,
The Love Album,Acker Bilk/Album/2016 - Acker Bilk - Stranger on the Shore,Oscar Winners - 16 Hollywood Classics,18,EXTRA_TRACKS,
The Man and the Legend,"Al Jolson/Album/2012 - The Man And The Legend, Vol. 1",The Man and the Legend,20,MISSING_TRACKS,
The Man and the Legend,"Al Jolson/Album/2012 - The Man And The Legend, Vol. 2",The Man and the Legend,20,MISSING_TRACKS,
The Man and the Legend,"Al Jolson/Album/2012 - The Man And The Legend, Vol. 3",The Man And The Legend,20,MISSING_TRACKS,
The Missing Link,Rage/Album/1993 - The Missing Link/1993 - The Missing Link,The Missing Link,10,MISSING_TRACKS,
The Missing Link,Rage/Album/1993 - The Missing Link/1993 - The Missing Link (Japanese Edition),The Missing Link,13,COMPLETE,
The Missing Link,Rage/Compilation/2015 - The Refuge Years (Box Set) [10CD+DVD]/CD 5 - The Missing Link (1993),The Refuge Years,13,COMPLETE,
The Moon Rang Like a Bell (Remixed),Hundred Waters/Album/2015 - The Moon Rang Like a Bell (Remixed),The Moon Rang Like a Bell,12,COMPLETE,
The Moon Rang Like a Bell (Remixed),Hundred Waters/EP/2014 - Down From the Rafters [Remix EP],Down From The Rafters Remixes,3,MISSING_TRACKS,
The Most Beautiful Horn in the World,Bobby Hackett/Album/1962 - Night Love,The Most Beautiful Horn in the World,13,MISSING_TRACKS,
The Most Beautiful Horn in the World,Bobby Hackett/Album/1962 - The Most Beautiful Horn In The World,The Most Beautiful Horn in the World,12,MISSING_TRACKS,
The Most Beautiful Horn in the World,Bobby Hackett/Album/2006 - The Most Beautiful Horn in the World,The Most Beautiful Horn in the World,12,MISSING_TRACKS,
The Most Beautiful Horn in the World,Bobby Hackett/Album/2012 - Afterglow - The Seductive Sounds of Bobby Hackett,"""Afterglow"" The Seductive Sounds Of Bobby Hackett",12,MISSING_TRACKS,
The Most Beautiful Horn in the World,Bobby Hackett/Album/2016 - Night Love (Bonus Track Version),The Most Beautiful Horn in the World,23,MISSING_TRACKS,
The Most Beautiful Horn in the World,Bobby Hackett/Album/2016 - The Most Beautiful Horn in the World + the Swing'est Gals in Town,The Most Beautiful Horn in the World,23,MISSING_TRACKS,
The Most Intimate - Mood Interpretations by Charles Shavers,Charlie Shavers/EP/2013 - The Most Intimate (Remastered),The Most Intimate,6,MISSING_TRACKS,
The Most Intimate - Mood Interpretations by Charles Shavers,Charlie Shavers/EP/2023 - The Most Intimate,The Most Intimate - Mood Interpretations by Charles Shavers,6,MISSING_TRACKS,
The Movers Vol.1 - 1970-1976 (Analog Africa Nr. 35),"The Movers/Album/1973 - The Greatest Hits, Vol. 8",Greatest Hits Volume 8,12,MISSING_TRACKS,
The Movers Vol.1 - 1970-1976 (Analog Africa Nr. 35),"The Movers/Album/2022 - The Movers,Vol. 1 - 1970-1976 (Analog Africa No. 35)",The Movers Vol.1 - 1970-1976 (Analog Africa Nr. 35),14,COMPLETE,
The Neverending Now,Surrender The Crown/Album/2018 - The Neverending Now,The Neverending Now,12,COMPLETE,
The Neverending Now,Surrender The Crown/Live/2021 - Live In Saarbrücken (Live),Live In Saarbrücken (Live),6,MISSING_TRACKS,
The New and Improved Bob Dylan,The William Loveday Intention/Album/2020 - The New and Improved Bob Dylan,The New and Improved Bob Dylan,12,COMPLETE,
The New and Improved Bob Dylan,The William Loveday Intention/Album/2022 - Blud In My Eyes For You,Blud In My Eyes For You,12,MISSING_TRACKS,
The New One,Living the Fire/Album/2016 - In Case of Fire Break Glass,In Case of Fire Break Glass,9,MISSING_TRACKS,
The New One,Living the Fire/Album/2018 - The New One,The New One,10,COMPLETE,
The Seaside,Cardiacs/Album/1984 - The Seaside,The Seaside,13,COMPLETE,
The Seaside,"Cardiacs/Live/1981 - Live, 1981 (Stonehenge Free Festival)","Live, 1981 (Stonehenge Free Festival)",5,MISSING_TRACKS,
The Sound of Wilson Pickett,Wilson Pickett/Album/1967 - The Sound of Wilson Pickett,The Sound of Wilson Pickett,11,COMPLETE,
The Sound of Wilson Pickett,Wilson Pickett/Compilation/2017 - The Complete Atlantic Albums Collection (10CD)/CD04 - The Sound of Wilson Pickett (1967),The Complete Atlantic Albums Collection,11,MISSING_TRACKS,
The Spec CD,Spectacular Diagnostics/Album/2015 - Raw Game LP,The Spec CD,10,MISSING_TRACKS,
The Spec CD,Spectacular Diagnostics/Album/2017 - The Spec CD,The Spec CD,28,COMPLETE,
The Spec CD,Spectacular Diagnostics/EP/2019 - 3UP+,3UP+,6,MISSING_TRACKS,
The Story of Harmelodia,Rheostatics/Album/1999 - The Story of Harmedlodia,The Story of Harmelodia,20,COMPLETE,
The Story of Harmelodia,Rheostatics/Album/1999 - The Story of Harmelodia Demos,The Story Of Harmelodia Demos,9,MISSING_TRACKS,
The Velvet Voice: 20 Priceless Performances,Eydie Gorme/Album/1977 - Muy Amigos,Muy Amigos / Close Friends,12,MISSING_TRACKS,
The Velvet Voice: 20 Priceless Performances,Eydie Gorme/Album/1982 - Tomame o Dejame (Digitally Remastered),The Velvet Voice: 20 Priceless Performances,10,MISSING_TRACKS,
The Very Best Of,Eddie Calvert/Album/1956 - Easy to Love,Easy To Love: The Man With The Golden Trumpet (No. 2),9,MISSING_TRACKS,
The Very Best Of,Eddie Calvert/Album/1956 - Lonely Night,Lonely Night,12,MISSING_TRACKS,
The Very Best Of,Eddie Calvert/Album/1999 - The Man With The Golden Trumpet,The Vert Best Of,28,EXTRA_TRACKS,
The Very Best Of,Eddie Calvert/Album/2002 - The Very Best Of,The Vert Best Of,23,COMPLETE,
The Year of Anbaric,Anbaric/Album/2019 - Anbaric,Anbaric,13,MISSING_TRACKS,
The Year of Anbaric,Anbaric/Album/2022 - The Year Of Anbaric,The Year of Anbaric,13,COMPLETE,
They Worshipped Cats,Les Big Byrd/Album/2014 - They Worshipped Cats,They Worshipped Cats,9,COMPLETE,
They Worshipped Cats,Les Big Byrd/EP/2011 - Les Big Byrd,Les Big Byrd,5,MISSING_TRACKS,
They Worshipped Cats,Les Big Byrd/EP/2014 - Back to Bagarmossen,They Worshipped Cats,3,MISSING_TRACKS,
This Is How I Let You Down (Deluxe Version),The Franklin Electric/Album/2014 - This Is How I Let You Down (Deluxe Version),This Is How I Let You Down,13,COMPLETE,
This Is How I Let You Down (Deluxe Version),The Franklin Electric/EP/2023 - Piano Sessions,Piano Sessions,4,MISSING_TRACKS,
Through Pain and Glory,Sorrowful Knight/Album/2020 - Through Pain and Glory,Through Pain and Glory,12,EXTRA_TRACKS,
Through Pain and Glory,Sorrowful Knight/EP/2018 - The Master of Wishes (EP),The Master of Wishes (EP),5,MISSING_TRACKS,
To Know What's Up...You Have To Be Down,Unified Culture/Album/1993 - Realize,Realize,10,MISSING_TRACKS,
To Know What's Up...You Have To Be Down,Unified Culture/Album/1995 - To Know What's Up ...You Have to Be Down,To Know What's Up...You Have To Be Down,12,COMPLETE,
Tonight the Angels,Haberdashery/Album/2011 - Don't Break My Heart,Don't Break My Heart,6,MISSING_TRACKS,
Tonight the Angels,Haberdashery/Album/2011 - Tonight the Angels,Tonight The Angels,5,MISSING_TRACKS,
Too Much Yang,BigBang/Album/2007 - Too Much Yang,Too Much Yang,11,COMPLETE,
Too Much Yang,BigBang/EP/2007 - Live at Sentrum Scene (Live) (EP),Live at Sentrum Scene,3,MISSING_TRACKS,
Tower of Love,Randy Hansen/Album/2000 - Tower Of Love,Tower of Love,10,COMPLETE,
Tower of Love,Randy Hansen/Album/2012 - Live-Jimi Hendrix 70th Birthday Celebration,Live-Jimi Hendrix 70th Birthday Celebration,10,MISSING_TRACKS,
TP,Teddy Pendergrass/Album/1980 - TP,TP,8,COMPLETE,
TP,Teddy Pendergrass/Compilation/2014 - Original Album Classics (5CD)/CD4 - TP (1980),Original Album Classics - Teddy Pendergrass,8,MISSING_TRACKS,
Trannies at Night,"Tobias Bernstrup/Album/1998 - Images Of Love (CDr, Album, Ltd)(Tobias Bernstrup - TB-002)",Images Of Love,5,MISSING_TRACKS,
Trannies at Night,"Tobias Bernstrup/Compilation/2016 - Trannies at Night 1998-2012 (Cassette, Album, Compilation)(GAG TAPE - 04)",Trannies at Night,14,COMPLETE,
Traps and Treasures,Minusheart/Album/2018 - Traps And Treasures,Traps and Treasures,10,COMPLETE,
Traps and Treasures,Minusheart/Album/2019 - On Mercury,Traps and Treasures,5,MISSING_TRACKS,
Traps and Treasures,Minusheart/Album/2019 - The Warning,The Warning,4,MISSING_TRACKS,
Tribal Gathering,Chinmaya Dunster/Album/1991 - Terra Incognita,Terra Incognita (1991) [Chinmaya's Selection],11,MISSING_TRACKS,
Tribal Gathering,Chinmaya Dunster/Album/1991 - Terra Incognita - Tribal Gathering,Tribal Gathering,14,COMPLETE,
Truth or Dare,Johnny O’Neil/Album/2021 - Truth Or Dare,Truth or Dare,9,COMPLETE,
Truth or Dare,Johnny O’Neil/Live/2023 - Live At The Southern Theater (EP),Live At The Southern Theater (EP),5,MISSING_TRACKS,
Turning Point,Vigilante/Album/2016 - Turning Point,Turning Point,10,COMPLETE,
Turning Point,Vigilante/EP/2015 - We Are One,We Are One,9,MISSING_TRACKS,
Turning Point,Vigilante/EP/2018 - Illumination,Illumination,8,MISSING_TRACKS,
Ultimate Waylon Jennings,Waylon Jennings/Compilation/2004 - Ultimate Waylon Jennings,Ultimate Waylon Jennings,21,MISSING_TRACKS,
Ultimate Waylon Jennings,Waylon Jennings/Compilation/2018 - Waylon Jennings,Waylon Jennings,14,MISSING_TRACKS,
Ultralight EP,Parallels/EP/2008 - Ultralight EP,Ultralight EP,6,EXTRA_TRACKS,
Ultralight EP,Parallels/EP/2010 - Ultralight EP (Promo),Ultralight,4,MISSING_TRACKS,
Uma nova paixão,Alcion/Album/2005 - Uma Nova Paixão,Uma Nova Paixão,16,MISSING_TRACKS,
Uma nova paixão,Alcione/Album/2005 - Uma Nova Paixão,Uma nova paixão,16,COMPLETE,
Um Embalo Com Renato E Seus Blue Caps,Renato e Seus Blue Caps/Album/1966 - Um Embalo Com Renato Seus Blue Caps,Um Embalo Com Renato E Seus Blue Caps,12,COMPLETE,
Um Embalo Com Renato E Seus Blue Caps,Renato e Seus Blue Caps/Album/1967 - Renato Seus Blue Caps,Renato e Seus Blue Caps,12,MISSING_TRACKS,
Um Embalo Com Renato E Seus Blue Caps,Renato e Seus Blue Caps/Album/1969 - Renato Seus Blue Caps,Renato e Seus Blue Caps,14,EXTRA_TRACKS,
Um Embalo Com Renato E Seus Blue Caps,Renato e Seus Blue Caps/Album/1970 - Renato Seus Blue Caps,Renato E Seus Blue Caps,12,MISSING_TRACKS,
Um Embalo Com Renato E Seus Blue Caps,Renato e Seus Blue Caps/Album/1971 - Renato Seus Blue Caps,Renato e Seus Blue Caps,14,EXTRA_TRACKS,
Um Embalo Com Renato E Seus Blue Caps,Renato e Seus Blue Caps/Album/1972 - Renato Seus Blue Caps,Renato e Seus Blue Caps;,12,MISSING_TRACKS,
Um Embalo Com Renato E Seus Blue Caps,Renato e Seus Blue Caps/Album/1973 - Renato Seus Blue Caps,Renato e Seus Blue Caps;,12,MISSING_TRACKS,
Um Embalo Com Renato E Seus Blue Caps,Renato e Seus Blue Caps/Album/1974 - Renato Seus Blue Caps,Renato e Seus Blue Caps;,12,MISSING_TRACKS,
Underground 1980-1983,Kraken/Album/1983 - Kraken,LP-Demo 1983,10,MISSING_TRACKS,
Underground 1980-1983,Kraken/Compilation/2010 - Underground 1980-1983 (Compilation),Underground 1980-1983,14,COMPLETE,
Under the Magic Sun,Third World/Album/2014 - Under The Magic Sun,Under the Magic Sun,14,COMPLETE,
Under the Magic Sun,Third World/Live/2014 - Live at the Belly Up,Live at the Belly Up,14,MISSING_TRACKS,
Universal Aromavision,The X/Album/2012 - Universal Aromavision,Universal Aromavision,12,COMPLETE,
Universal Aromavision,The X/Live/2012 - X-Ray Visions (Live in Valencia 2012),X-Ray Visions (Live in Valencia 2012),7,MISSING_TRACKS,
Universal Coolers,Radical Dads/Album/2015 - Universal Coolers,Universal Coolers,10,COMPLETE,
Universal Coolers,Radical Dads/EP/2014 - Cassette Brain (EP),Cassette Brain,4,MISSING_TRACKS,
un | love,Reuben And The Dark/Album/2019 - Un - Love,un | love,11,COMPLETE,
un | love,Reuben And The Dark/EP/2020 - Reuben and the Dark on Audiotree Live,Reuben and the Dark on Audiotree Live,5,MISSING_TRACKS,
Un recueil de La Nomenklatur,Brume/Album/1989 - End Of Symptom Dump - Meosta (with La Nomenklatur),End Of Symptom Dump / Meosta,5,MISSING_TRACKS,
Un recueil de La Nomenklatur,La Nomenklatur/Album/1989 - End Of Symptom Dump - Meosta (with Brume),End Of Symptom Dump / Meosta,5,MISSING_TRACKS,
Un recueil de La Nomenklatur,La Nomenklatur/Album/1996 - Un Recueil De La Nomenklatur,Un recueil de La Nomenklatur,11,COMPLETE,
"Until Then, Goodbye",Lawrence/Album/2008 - Miles (DIAL043) - WEB -,Miles,3,MISSING_TRACKS,
"Until Then, Goodbye",Lawrence/Album/2009 - Sleep And Suffer (MULEELECTRONIC062) - WEB -,"Until Then, Goodbye",4,MISSING_TRACKS,
"Until Then, Goodbye","Lawrence/Album/2009 - Until Then, Goodbye (MULECD017) - CD -","Until Then, Goodbye",13,COMPLETE,
Utopia,The Dirty Youth/Album/2019 - Utopia,Utopia,10,COMPLETE,
Utopia,The Dirty Youth/EP/2017 - Hurricane,Hurricane,4,MISSING_TRACKS,
Vier,Purwien/Album/2020 - Die Liebe Tanzt (Purwien & Kowa),Die Liebe Tanzt,5,MISSING_TRACKS,
Vier,Purwien/Album/2020 - The Passenger (Purwien & Kowa),The Passenger,6,MISSING_TRACKS,
Vier,Purwien/Album/2020 - Vier (Purwien & Kowa),Vier,11,COMPLETE,
Violence Is the Answer!,Destabilizer/Album/2023 - Violence Is The Answer!,Violence Is the Answer!,10,COMPLETE,
Violence Is the Answer!,Destabilizer/EP/2021 - Rampage (EP),Rampage (EP),5,MISSING_TRACKS,
Virtual Addiction,The Black Renegade/Album/2021 - Virtual Addiction,Virtual Addiction,9,COMPLETE,
Virtual Addiction,The Black Renegade/EP/2021 - Izrael FM,Izrael FM,4,MISSING_TRACKS,
"Visions, Vol. 1",Lufthaus/Album/2022 - To The Light,"Visions, Vol. 1",2,MISSING_TRACKS,
"Visions, Vol. 1",Lufthaus/Album/2023 - Ringo,Ringo,2,MISSING_TRACKS,
"Visions, Vol. 1",Lufthaus/Album/2023 - Ringo (Miss Monique Remix),Ringo (Miss Monique Remix),3,MISSING_TRACKS,
"Visions, Vol. 1",Lufthaus/Album/2024 - Sunlight (Rodriguez Jr. Remix),"Visions, Vol. 1",3,MISSING_TRACKS,
Viva El PCP!,Black Leather Jesus/Album/1994 - Viva El PCP!,Viva El PCP!,4,COMPLETE,
Viva El PCP!,Black Leather Jesus/Album/1996 - Birth-Death,Viva El PCP,2,MISSING_TRACKS,
Voyager,Current Joys/Album/2021 - Voyager,Voyager,16,COMPLETE,
Voyager,Current Joys/EP/2022 - Covers From Across the Sea,Covers From Across the Sea,6,MISSING_TRACKS,
Wake Up,Postcards/Album/2014 - Wake Up,Wake Up,8,COMPLETE,
Wake Up,Postcards/EP/2013 - Basement Songs,Basement Songs,5,MISSING_TRACKS,
WALK TOWARDS THE FUTURE -JUN SKY WALKER(S) BEST-,Jun Sky Walkers/Album/1988 - ひとつ抱きしめて,ひとつ抱きしめて,13,MISSING_TRACKS,
WALK TOWARDS THE FUTURE -JUN SKY WALKER(S) BEST-,Jun Sky Walkers/Album/1988 - 全部このままで,WALK TOWARDS THE FUTURE -JUN SKY WALKER(S) BEST-,6,MISSING_TRACKS,
WALK TOWARDS THE FUTURE -JUN SKY WALKER(S) BEST-,Jun Sky Walkers/Album/1990 - Let's Go Hibari-hills,Space Shower Archive Live9011,5,MISSING_TRACKS,
WALK TOWARDS THE FUTURE -JUN SKY WALKER(S) BEST-,Jun Sky Walkers/Compilation/2003 - WALK TOWARDS THE FUTURE~JUN SKY WALKER(S) BEST~,WALK TOWARDS THE FUTURE -JUN SKY WALKER(S) BEST-,14,COMPLETE,
WALK TOWARDS THE FUTURE -JUN SKY WALKER(S) BEST-,Jun Sky Walkers/Compilation/2012 - B(S)T,B(S)T,18,EXTRA_TRACKS,
Watching the Burning Bride,Asmus Tietchens/Album/1986 - Watching The Burning Bride (with Terry Burrows),Watching the Burning Bride,17,COMPLETE,
Watching the Burning Bride,Asmus Tietchens/Album/1996 - Ptomaine,Watching the Burning Bride,49,EXTRA_TRACKS,
Watching the Burning Bride,Asmus Tietchens/Album/1998 - Burning The Watching Bride (with Terry Burrows),Burning The Watching Bride,6,MISSING_TRACKS,
Water Your Garden,Magic City Hippies/Album/2022 - Water Your Garden,Water Your Garden,11,COMPLETE,
Water Your Garden,Magic City Hippies/EP/2022 - Diamond (Bay Ledges Remix),Water Your Garden,2,MISSING_TRACKS,
Water Your Garden,Magic City Hippies/EP/2022 - High Beams (CAPYAC Remix) (feat. Nafets),High Beams (CAPYAC Remix) (feat. Nafets),2,MISSING_TRACKS,
Water Your Garden,Magic City Hippies/EP/2022 - Queen (Cool Company Remix),Queen (Cool Company Remix),2,MISSING_TRACKS,
Water Your Garden,Magic City Hippies/EP/2023 - Ghost On The Mend (veggi remix),Water Your Garden,2,MISSING_TRACKS,
We Are One,Chronos/Album/2014 - We Are One,We Are One,10,COMPLETE,
We Are One,Chronos/EP/2012 - Limits Breaker (EP),Limits Breaker,2,MISSING_TRACKS,
WE LOVE YOU DAVID,Sharko/Album/2022 - WE LOVE YOU DAVID,WE LOVE YOU DAVID,12,COMPLETE,
WE LOVE YOU DAVID,Sharko/EP/2022 - Vintage E.P,Vintage E.P.,3,MISSING_TRACKS,
We Three,We Three/Album/2018 - We Three,We Three,13,COMPLETE,
We Three,We Three/EP/2020 - Our Last Christmas Eve,Our Last Christmas Eve,3,MISSING_TRACKS,
What Did You Expect From The Vaccines?,The Vaccines/Album/2011 - What Did You Expect from the Vaccines,What Did You Expect From The Vaccines?,11,COMPLETE,
What Did You Expect From The Vaccines?,The Vaccines/Live/2010 - Marc Riley Show,Marc Riley Show,11,MISSING_TRACKS,
What Did You Expect From The Vaccines?,The Vaccines/Live/2011 - An evening with the vaccines,What Did You Expect From The Vaccines?,4,MISSING_TRACKS,
What It Takes: The Chess Years,Koko Taylor/Album/1997 - All Blues - Koko Taylor,What It Takes: The Chess Years,17,MISSING_TRACKS,
What It Takes: The Chess Years,Walter Horton/Album/2010 - Big Walter Horton - Rarities Compilation,Rarities Compilation,23,EXTRA_TRACKS,
When The Purple Emperor Spreads His Wings,The Wave Pictures/Album/2022 - When The Purple Emperor Spreads His Wings,When The Purple Emperor Spreads His Wings,20,COMPLETE,
When The Purple Emperor Spreads His Wings,The Wave Pictures/EP/2021 - When The Purple Emperor Spreads His Wings_ Autumn,When The Purple Emperor Spreads His Wings,5,MISSING_TRACKS,
When The Purple Emperor Spreads His Wings,The Wave Pictures/EP/2022 - French Cricket (EP),French Cricket,5,MISSING_TRACKS,
When The Purple Emperor Spreads His Wings,The Wave Pictures/EP/2022 - When The Purple Emperor Spreads His Wings_ Winter,When The Purple Emperor Spreads His Wings,5,MISSING_TRACKS,
When Will We Surrender,Hundredth/Album/2010 - When Will We Surrender,When Will We Surrender,13,COMPLETE,
When Will We Surrender,Hundredth/EP/2008 - Dusk (EP),Dusk,4,MISSING_TRACKS,
When You Walk Away,Fur (UK)/Album/2020 - Facing Home Mixtape,Facing Home Mixtape,7,MISSING_TRACKS,
When You Walk Away,Fur (UK)/Album/2021 - When You Walk Away,When You Walk Away,11,COMPLETE,
Where Have You Been?,Reel Big Fish/EP/2002 - Where Have You Been (EP),Where Have You Been? (EP),2,MISSING_TRACKS,
Where Have You Been?,Reel Big Fish/EP/2002 - Where Have You Been (EP) (AU ED),Where Have You Been?,3,COMPLETE,
Whore,Lisa Dalbello/Album/1996 - Dalbello - O Lil' Boy CDM,O Lil' Boy,3,MISSING_TRACKS,
Whore,Lisa Dalbello/Album/1996 - Dalbello - Whore,Whore,10,COMPLETE,
"Wild, Raw and Live",Rash Panzer/EP/1988 - Rock'n Roll Street (EP),Rock N' Roll Street,4,MISSING_TRACKS,
"Wild, Raw and Live","Rash Panzer/Live/1992 - Wild, Raw & Live","Wild, Raw and Live",12,COMPLETE,
Wish You Were Here,Pink Floyd/Compilation/2007 - Oh By The Way [50999 511267 2 8]/CD 10 - Wish You Were Here,Oh by the Way,5,MISSING_TRACKS,
Wish You Were Here,Pink Floyd/Compilation/2011 - Discovery [TOCP-71147~62]/CD 10 - Wish You Were Here,Discovery,5,MISSING_TRACKS,
Wish You Were Here,"Pink Floyd/Remastered/1975 - Wish You Were Here [1994, CDP 7243 8 29750 2 1]",Wish You Were Here,5,COMPLETE,
Writing the Future in Letters of Fire,SIANspheric/Album/2016 - Writing The Future In Letters Of Fire,Writing the Future in Letters of Fire,12,COMPLETE,
Writing the Future in Letters of Fire,SIANspheric/Compilation/2020 - Others Vol. 2,Others Vol. 2,12,MISSING_TRACKS,
You Ain't Heard Nothin' Yet (Jolie's Finest Columbia Recordings),"Al Jolson/Album/2001 - JOLSON, Al_ Al Jolson, Vol. 1 (1911-1914)","JOLSON, Al: Al Jolson, Vol. 1 (1911-1914)",19,MISSING_TRACKS,
You Ain't Heard Nothin' Yet (Jolie's Finest Columbia Recordings),Al Jolson/Album/2012 - Snap Your Fingers (1913 - 1916),You Ain't Heard Nothin' Yet (Jolie's Finest Columbia Recordings),12,MISSING_TRACKS,
You Can't Have It All / Stick It Out,Chrome Molly/Album/1987 - Stick It Out,You Can't Have It All / Stick It Out,9,MISSING_TRACKS,
You Can't Have It All / Stick It Out,Chrome Molly/Compilation/2010 - You Can't Have It All - Stick It Out (Compilation),You Can't Have It All / Stick It Out,19,COMPLETE,
You Can't Have It All / Stick It Out,Chrome Molly/EP/1984 - You Said (12'' EP),You Said / When The Lights Go Down / One At A Time,3,MISSING_TRACKS,
You Know What to Do,The Shivas/Album/2014 - You Know What to Do,You Know What to Do,13,COMPLETE,
You Know What to Do,The Shivas/EP/2014 - You Make Me Wanna Die (EP),You Make Me Wanna Die,3,MISSING_TRACKS,
You Make Me Float (Remixes),Nora En Pure/Album/2011 - You Make Me Float [WEB] (Enormous Tunes),You Make Me Float,2,MISSING_TRACKS,
You Make Me Float (Remixes),Nora En Pure/Album/2012 - You Make Me Float (Remixes) [WEB] (Enormous Tunes),You Make Me Float (Remixes),4,MISSING_TRACKS,
Your Enemy's Balls,Smell & Quim/Album/1993 - Nativity Colostomy (Anus Horriblis),Nativity Colostomy (Anus Horriblis),5,MISSING_TRACKS,
Your Enemy's Balls,Smell & Quim/Album/1994 - Your Enemy's Balls,Your Enemy's Balls,8,COMPLETE,
Your Guide to Revolution,Mary Ocher/Album/2023 - Power And Exclusion From Power,Power And Exclusion From Power,4,MISSING_TRACKS,
Your Guide to Revolution,Mary Ocher/Album/2024 - Your Guide To Revolution,Your Guide to Revolution,13,MISSING_TRACKS,
Zwei,Purwien/Album/2017 - Du (Purwien & Kowa),Du,7,MISSING_TRACKS,
Zwei,Purwien/Album/2017 - Zwei (Purwien & Kowa),Zwei,14,COMPLETE,
Zwei,Purwien/Album/2022 - Bandit (Purwien & Kowa),Bandit EP,7,MISSING_TRACKS,
アイデンティティー,Ghostnote/Album/2006 - Subarashiki Sekai,素晴らしき世界,8,MISSING_TRACKS,
アイデンティティー,Ghostnote/Album/2009 - Identity,アイデンティティー,12,COMPLETE,
アナーキー,Anarchy/Album/1980 - アナーキー,アナーキー,13,MISSING_TRACKS,
アナーキー,Anarchy/Compilation/1989 - 亜無亜危異 vol.1,アナーキー,18,EXTRA_TRACKS,
アナーキー,Anarchy/Compilation/1997 - The Last Of 亜無亜危異,The Last Of 亜無亜危異,17,EXTRA_TRACKS,
ちゃたのわ,my sound life/Album/2006 - crystal,crystal,7,MISSING_TRACKS,
ちゃたのわ,my sound life/Album/2007 - fundamental,fundamental,7,MISSING_TRACKS,
ちゃたのわ,my sound life/Album/2007 - rainbow,rainbow,15,MISSING_TRACKS,
伝説の夜を君と,a flood of circle/Album/2021 - 伝説の夜を君と,伝説の夜を君と,13,COMPLETE,
伝説の夜を君と,ircle/Album/2013 - さよならリリー,さよならリリー,7,MISSING_TRACKS,
君と見た月をさがして,Aquarifa/Album/2015 - Manii No Himitsu,マーニの秘密,6,MISSING_TRACKS,
君と見た月をさがして,Aquarifa/Album/2020 - Kimi To Mita Tuki Wo Sagashite,君と見た月をさがして,11,COMPLETE,
歩いていこう,Jun Sky Walkers/Album/1989 - 歩いていこう,歩いていこう,14,COMPLETE,
歩いていこう,Jun Sky Walkers/Album/2018 - 白いクリスマス 2018,歩いていこう,5,MISSING_TRACKS,
歩いていこう,Jun Sky Walkers/Live/2019 - ALL TIME BEST~全部このままで~1988-2018＠中野サンプラザ,All Time Best [全部このままで] 1988-2018,25,EXTRA_TRACKS,
街の14景,The Band Apart/Album/2013 - Machi No 14Kei,街の14景,14,COMPLETE,
街の14景,The Band Apart/Live/2014 - 510x283,510x283,12,MISSING_TRACKS,
